date,actual_c,prediction_c,persistence_c,feature_gate
2024-01-31,21.053965,21.55799,21.18140750000002,0.0
2024-02-01,21.556503,21.232271,21.05396333333336,0.0
2024-02-02,22.922209,22.022861,21.55650375000002,0.0
2024-02-03,22.281816,22.900568,22.92220916666669,0.0
2024-02-04,21.370619,22.491716,22.28181541666669,0.0
2024-02-05,21.384192,21.878498,21.370619583333355,0.0
2024-02-06,23.693071,21.973938,21.384190000000018,0.0
2024-02-07,23.865297,23.796831,23.69307041666669,0.0
2024-02-08,23.568235,24.113268,23.86529791666669,0.0
2024-02-09,22.357752,23.924498,23.56823458333336,0.0
2024-02-10,21.274862,21.97888,22.357751250000025,0.0
2024-02-11,22.734816,21.757393,21.274862916666688,0.0
2024-02-12,23.310467,23.234447,22.734816666666685,0.0
2024-02-13,22.783358,23.334917,23.310466666666695,0.0
2024-02-14,22.749722,23.029028,22.783357500000022,0.0
2024-02-15,24.359184,22.821608,22.749721666666687,0.0
2024-02-16,24.169168,24.190956,24.359185000000025,0.0
2024-02-17,23.858622,24.425634,24.169167500000018,0.0
2024-02-18,23.085514,24.432367,23.85862291666669,0.0
2024-02-19,23.115194,23.36865,23.085514166666684,0.0
2024-02-20,24.106428,23.724754,23.115194583333352,0.0
2024-02-21,25.093004,24.532602,24.10642875000002,0.0
2024-02-22,26.974224,24.912617,25.093003333333353,0.0
2024-02-23,26.789454,26.318338,26.974223750000018,0.0
2024-02-24,24.56697,26.726103,26.789453333333352,0.0
2024-02-25,25.61834,24.810324,24.56697041666668,0.0
2024-02-26,25.306452,26.12255,25.618340833333363,0.0
2024-02-27,26.018026,25.576994,25.306451666666693,0.0
2024-02-28,26.648073,26.639439,26.018026250000023,0.0
2024-02-29,25.643818,26.674797,26.648072500000016,0.0
2024-03-01,25.171835,25.5474,25.64381833333336,0.0
2024-03-02,25.46815,25.654743,25.171832916666688,0.0
2024-03-03,26.580284,26.213018,25.468149583333354,0.0
2024-03-04,26.770256,27.1461,26.580284166666683,0.0
2024-03-05,26.683695,27.289383,26.770256666666683,0.0
2024-03-06,25.158516,27.11611,26.683693750000018,0.0
2024-03-07,24.76151,25.442957,25.15851416666669,0.0
2024-03-08,25.233334,25.670717,24.761510416666695,0.0
2024-03-09,25.132322,26.247179,25.233332083333362,0.0
2024-03-10,24.629166,25.79405,25.132321666666694,0.0
2024-03-11,27.029497,25.62516,24.629165416666694,0.0
2024-03-12,27.964216,27.853312,27.029495833333346,0.0
2024-03-13,26.810135,28.107372,27.96421625000002,0.0
2024-03-14,27.340136,27.6162,26.81013583333335,0.0
2024-03-15,28.185902,27.838766,27.34013500000002,0.0
2024-03-16,27.460077,28.57438,28.18590000000003,0.0
2024-03-17,27.50192,27.752964,27.460077500000022,0.0
2024-03-18,27.91824,27.686583,27.501920000000023,0.0
2024-03-19,29.241678,28.356472,27.918240000000022,0.0
2024-03-20,29.516144,29.278141,29.241679166666685,0.0
2024-03-21,27.84832,29.340683,29.516142083333364,0.0
2024-03-22,25.07947,27.292234,27.848318750000022,0.0
2024-03-23,27.568396,26.659212,25.079468333333352,0.0
2024-03-24,27.869118,28.438877,27.56839541666669,0.0
2024-03-25,28.206276,28.052876,27.869116666666695,0.0
2024-03-26,29.18085,28.684702,28.20627625000003,0.0
2024-03-27,29.614576,29.272003,29.18084916666669,0.0
2024-03-28,29.823145,29.304722,29.61457458333335,0.0
2024-03-29,31.026018,29.92206,29.82314416666669,0.0
2024-03-30,31.740282,30.301558,31.026019166666696,0.0
2024-03-31,31.638958,30.588926,31.74028291666669,0.0
2024-04-01,33.10087,31.174715,31.638957083333356,0.0
2024-04-02,33.121395,32.35376,33.10086666666668,0.0
2024-04-03,33.542534,32.43289,33.121396250000025,0.0
2024-04-04,33.415527,32.8964,33.54253083333336,0.0
2024-04-05,34.55183,33.0498,33.41552666666669,0.0
2024-04-06,35.447987,33.66476,34.55182958333336,0.0
2024-04-07,33.785324,34.38055,35.447985000000024,0.0
2024-04-08,32.834435,32.98716,33.78532541666669,0.0
2024-04-09,32.13692,32.619415,32.83443500000002,0.0
2024-04-10,32.7291,32.243458,32.13692041666669,0.0
2024-04-11,32.291443,32.510082,32.72909666666669,0.0
2024-04-12,31.693375,32.281475,32.29144041666669,0.0
2024-04-13,31.762995,31.897135,31.69337291666669,0.0
2024-04-14,31.960302,31.969494,31.762994166666687,0.0
2024-04-15,32.783234,31.831827,31.960302500000022,0.0
2024-04-16,33.877567,32.823704,32.78323208333336,0.0
2024-04-17,33.50579,33.050884,33.877565000000025,0.0
2024-04-18,33.122925,33.00774,33.50579125000002,0.0
2024-04-19,34.016502,32.80847,33.12292500000003,0.0
2024-04-20,34.836414,33.614754,34.01650208333336,0.0
2024-04-21,34.677475,33.767708,34.83641333333335,0.0
2024-04-22,35.08748,33.79246,34.67747458333335,0.0
2024-04-23,34.689816,34.224667,35.08747666666669,0.0
2024-04-24,34.059925,34.292477,34.68981541666668,0.0
2024-04-25,34.34007,33.083458,34.05992375000002,0.0
2024-04-26,34.439022,34.07453,34.34006875000002,0.0
2024-04-27,35.51703,34.222286,34.43902083333336,0.0
2024-04-28,36.613857,34.90535,35.51702750000002,0.0
2024-04-29,35.137234,35.270523,36.61385916666669,0.0
2024-04-30,35.91544,34.2866,35.13723333333335,0.0
2024-05-01,34.590137,35.03404,35.91543791666669,0.0
2024-05-02,30.189774,33.865116,34.59013625000003,0.0
2024-05-03,30.083305,28.906113,30.18977375000002,0.0
2024-05-04,30.607046,31.251736,30.083302916666693,0.0
2024-05-05,31.538057,31.155214,30.60704541666669,0.0
2024-05-06,30.397308,31.690464,31.53805583333336,0.0
2024-05-07,29.265879,30.989527,30.39730750000002,0.0
2024-05-08,31.33222,29.751514,29.26587916666669,0.0
2024-05-09,31.649786,31.782486,31.33222125000002,0.0
2024-05-10,30.98626,31.092167,31.649785416666685,0.0
2024-05-11,31.220444,31.224165,30.986258333333357,0.0
2024-05-12,32.01355,31.660051,31.220444166666695,0.0
2024-05-13,33.56617,32.135426,32.013549166666685,0.0
2024-05-14,35.34471,33.31961,33.566166250000016,0.0
2024-05-15,35.702152,34.42808,35.34471125000002,0.0
2024-05-16,36.822906,34.651306,35.70215041666668,0.0
2024-05-17,36.98382,35.44019,36.82290666666668,0.0
2024-05-18,32.894913,34.748314,36.98382125000003,0.0
2024-05-19,32.386005,30.927572,32.89491416666669,0.0
2024-05-20,31.934135,32.1971,32.386006250000015,0.0
2024-05-21,29.265696,32.2246,31.934135833333357,0.0
2024-05-22,31.434576,29.39387,29.265695833333364,0.0
2024-05-23,32.613342,32.36006,31.43457708333335,0.0
2024-05-24,32.309364,32.49284,32.613341666666685,0.0
2024-05-25,29.403177,31.513203,32.30936500000002,0.0
2024-05-26,28.817392,27.839508,29.403177083333357,0.0
2024-05-27,28.83877,27.832838,28.81739166666669,0.0
2024-05-28,30.091314,29.299946,28.838770416666687,0.0
2024-05-29,30.822802,29.617147,30.09131375000003,0.0
2024-05-30,31.832699,30.366642,30.82280291666669,0.0
2024-05-31,31.239477,31.781729,31.83269791666669,0.0
2024-06-01,30.184572,30.046404,31.239475416666693,0.0
2024-06-02,29.49827,29.438751,30.184572083333347,0.0
2024-06-03,30.018223,29.70312,29.49827083333336,0.0
2024-06-04,30.46338,30.396574,30.01822208333336,0.0
2024-06-05,30.779673,30.593569,30.46338041666669,0.0
2024-06-06,29.753351,30.436987,30.779670833333352,0.0
2024-06-07,29.517529,29.678665,29.753350833333354,0.0
2024-06-08,30.782433,29.645538,29.517528750000025,0.0
2024-06-09,31.80183,30.75253,30.782431666666692,0.0
2024-06-10,32.622746,31.08064,31.801829166666693,0.0
2024-06-11,31.00195,31.558662,32.62274458333335,0.0
2024-06-12,29.634815,30.564943,31.001949583333353,0.0
2024-06-13,28.939804,29.40558,29.634814583333355,0.0
2024-06-14,28.67887,29.179417,28.939805000000018,0.0
2024-06-15,29.459038,28.763384,28.678868750000024,0.0
2024-06-16,30.609743,29.725449,29.459038333333357,0.0
2024-06-17,30.802576,30.33524,30.609743333333356,0.0
2024-06-18,30.500189,30.502087,30.80257708333336,0.0
2024-06-19,31.026981,30.337315,30.500188750000024,0.0
2024-06-20,31.396511,30.639263,31.02698166666669,0.0
2024-06-21,31.283434,30.923494,31.396511666666697,0.0
2024-06-22,33.49574,30.84737,31.283433333333353,0.0
2024-06-23,32.864502,32.50818,33.49573958333335,0.0
2024-06-24,32.67827,31.813938,32.86450083333336,0.0
2024-06-25,31.36903,31.947657,32.678268333333364,0.0
2024-06-26,29.299236,30.822758,31.369030416666693,0.0
2024-06-27,30.794724,29.443478,29.299234166666697,0.0
2024-06-28,31.065487,30.578697,30.79472166666669,0.0
2024-06-29,31.583326,30.654339,31.06548666666669,0.0
2024-06-30,31.092234,30.910965,31.583326666666693,0.0
2024-07-01,30.40954,30.546188,31.092233333333358,0.0
2024-07-02,28.821232,30.124586,30.409540833333352,0.0
2024-07-03,31.01565,29.131601,28.82122958333336,0.0
2024-07-04,30.73546,30.957155,31.015650833333357,0.0
2024-07-05,31.501488,30.219524,30.735459583333352,0.0
2024-07-06,32.57453,31.214098,31.50148583333335,0.0
2024-07-07,32.654243,31.829205,32.57453250000002,0.0
2024-07-08,32.13036,31.678614,32.65424458333336,0.0
2024-07-09,32.15484,31.53024,32.13035875000003,0.0
2024-07-10,30.672354,31.207329,32.154840416666694,0.0
2024-07-11,28.153952,30.343906,30.672352916666693,0.0
2024-07-12,30.427473,28.278131,28.153952916666693,0.0
2024-07-13,31.940376,30.387972,30.42747250000002,0.0
2024-07-14,32.192028,31.169125,31.940376666666683,0.0
2024-07-15,31.795977,31.30849,32.19202500000002,0.0
2024-07-16,32.598667,31.243988,31.795975416666682,0.0
2024-07-17,32.653908,31.989035,32.598665416666684,0.0
2024-07-18,31.795668,31.767784,32.653908333333355,0.0
2024-07-19,31.22082,31.276499,31.795667500000025,0.0
2024-07-20,30.747696,30.828123,31.22081833333336,0.0
2024-07-21,29.704977,30.40332,30.747694583333356,0.0
2024-07-22,29.154118,29.377914,29.704977500000027,0.0
2024-07-23,30.323341,29.211899,29.154117500000023,0.0
2024-07-24,30.83067,30.428875,30.32334000000002,0.0
2024-07-25,31.053053,30.552515,30.83066958333335,0.0
2024-07-26,30.427732,30.665339,31.053052083333352,0.0
2024-07-27,30.92743,30.226349,30.427730833333356,0.0
2024-07-28,30.6159,30.978489,30.927428333333363,0.0
2024-07-29,29.471842,30.046104,30.61589916666669,0.0
2024-07-30,28.943605,29.357248,29.471842500000022,0.0
2024-07-31,27.344559,29.243675,28.94360500000002,0.0
2024-08-01,28.417248,27.723131,27.344558750000022,0.0
2024-08-02,28.397524,29.01157,28.417246250000023,0.0
2024-08-03,28.764254,28.404802,28.397523750000023,0.0
2024-08-04,29.738432,29.093315,28.76425208333335,0.0
2024-08-05,29.624529,29.552069,29.738432500000027,0.0
2024-08-06,30.308144,29.484638,29.624528750000025,0.0
2024-08-07,29.440172,29.928564,30.30814333333335,0.0
2024-08-08,28.9251,29.012882,29.440170833333354,0.0
2024-08-09,31.07767,28.728918,28.925099166666694,0.0
2024-08-10,31.335737,30.803272,31.077670416666688,0.0
2024-08-11,30.74424,30.478611,31.335735416666683,0.0
2024-08-12,27.800426,29.8556,30.744239583333353,0.0
2024-08-13,28.974401,28.148548,27.800425833333353,0.0
2024-08-14,28.34832,29.396584,28.974400833333352,0.0
2024-08-15,28.023827,28.559177,28.348319583333353,0.0
2024-08-16,28.107439,28.361021,28.023826250000024,0.0
2024-08-17,29.188627,28.193716,28.107438750000025,0.0
2024-08-18,29.223972,28.91641,29.188627916666686,0.0
2024-08-19,28.522512,29.273043,29.223971250000023,0.0
2024-08-20,29.260843,28.54738,28.52251083333336,0.0
2024-08-21,29.357529,28.943697,29.260841666666693,0.0
2024-08-22,29.359886,29.169176,29.357528750000025,0.0
2024-08-23,27.12122,28.988194,29.35988625000002,0.0
2024-08-24,27.957792,27.654734,27.12121833333335,0.0
2024-08-25,28.789183,28.356258,27.957793333333353,0.0
2024-08-26,29.831367,28.89534,28.78918083333335,0.0
2024-08-27,29.150578,29.654324,29.831365000000023,0.0
2024-08-28,29.832058,29.238146,29.150577500000015,0.0
2024-08-29,28.932049,30.344917,29.832057083333353,0.0
2024-08-30,29.895681,29.253698,28.932048750000032,0.0
2024-08-31,29.48148,29.7384,29.895680833333348,0.0
2024-09-01,28.957056,29.53014,29.481478333333353,0.0
2024-09-02,29.828074,29.265701,28.95705458333336,0.0
2024-09-03,30.819164,29.66772,29.828072916666695,0.0
2024-09-04,30.111954,30.126966,30.81916375000002,0.0
2024-09-05,30.230623,29.599943,30.111951666666688,0.0
2024-09-06,30.028402,29.971548,30.23062166666669,0.0
2024-09-07,30.732174,30.129866,30.028402500000027,0.0
2024-09-08,30.199057,30.26716,30.73217333333335,0.0
2024-09-09,29.379004,29.766474,30.19905583333335,0.0
2024-09-10,27.28655,29.15502,29.379002083333358,0.0
2024-09-11,27.109102,27.84131,27.286549583333358,0.0
2024-09-12,27.331915,27.450155,27.109102500000024,0.0
2024-09-13,27.00536,27.905422,27.33191416666669,0.0
2024-09-14,28.156704,27.830032,27.005358750000017,0.0
2024-09-15,28.520887,28.679039,28.156702500000023,0.0
2024-09-16,29.661367,28.520588,28.520888333333357,0.0
2024-09-17,29.993698,29.603298,29.66136666666669,0.0
2024-09-18,30.264202,29.215654,29.993697500000014,0.0
2024-09-19,30.603058,29.926022,30.264201250000024,0.0
2024-09-20,30.703749,30.342705,30.603059166666686,0.0
2024-09-21,29.715702,30.01418,30.70374708333335,0.0
2024-09-22,30.533895,29.258898,29.715701250000023,0.0
2024-09-23,28.685865,29.626997,30.533895416666695,0.0
2024-09-24,27.774818,28.552944,28.68586541666669,0.0
2024-09-25,28.414587,28.0269,27.77481833333336,0.0
2024-09-26,29.139574,28.613485,28.414586666666697,0.0
2024-09-27,28.480137,28.923523,29.13957416666669,0.0
2024-09-28,29.69875,28.600622,28.48013500000002,0.0
2024-09-29,30.509874,29.39306,29.698749166666687,0.0
2024-09-30,30.209412,29.851618,30.50987416666669,0.0
2024-10-01,27.071373,28.800505,30.209409166666692,0.0
2024-10-02,27.714676,27.967018,27.071372083333358,0.0
2024-10-03,28.484337,28.575798,27.714675833333356,0.0
2024-10-04,28.661627,28.431662,28.484335416666692,0.0
2024-10-05,29.405334,28.660833,28.661625833333357,0.0
2024-10-06,30.140757,28.885685,29.405333333333356,0.0
2024-10-07,29.69712,29.768925,30.140756666666686,0.0
2024-10-08,28.457794,29.068365,29.69712083333336,0.0
2024-10-09,28.861856,28.531672,28.457795000000022,0.0
2024-10-10,28.537628,28.037645,28.86185500000002,0.0
2024-10-11,28.940458,28.177925,28.53762708333336,0.0
2024-10-12,29.754044,28.758554,28.940458333333353,0.0
2024-10-13,29.22467,28.928205,29.75404291666669,0.0
2024-10-14,28.94313,29.306042,29.224671250000018,0.0
2024-10-15,29.4271,28.912891,28.94312958333336,0.0
2024-10-16,28.045877,28.592546,29.427099583333348,0.0
2024-10-17,27.982439,27.933136,28.045878333333352,0.0
2024-10-18,28.526222,28.21559,27.982438333333352,0.0
2024-10-19,28.388346,28.488503,28.526222083333355,0.0
2024-10-20,28.726143,28.186588,28.388345833333357,0.0
2024-10-21,27.728125,27.99642,28.726142500000023,0.0
2024-10-22,28.616133,27.340054,27.728123333333357,0.0
2024-10-23,26.946661,27.6523,28.616131250000024,0.0
2024-10-24,26.842491,27.030443,26.946660416666692,0.0
2024-10-25,27.748144,27.530357,26.842491250000027,0.0
2024-10-26,27.676294,27.876858,27.748142916666684,0.0
2024-10-27,28.344954,27.827593,27.67629458333336,0.0
2024-10-28,28.680407,28.091232,28.344954166666696,0.0
2024-10-29,28.83435,28.599747,28.680406666666688,0.0
2024-10-30,29.254343,28.421965,28.834349166666687,0.0
2024-10-31,28.57537,28.660284,29.254342083333356,0.0
2024-11-01,28.209562,28.222338,28.575368750000024,0.0
2024-11-02,28.7081,27.929655,28.209560416666687,0.0
2024-11-03,28.802483,28.302334,28.70809791666669,0.0
2024-11-04,28.955416,28.198265,28.802481250000017,0.0
2024-11-05,28.150738,28.414665,28.955416250000024,0.0
2024-11-06,24.564104,27.163122,28.150735833333357,0.0
2024-11-07,23.035233,24.15445,24.564104583333357,0.0
2024-11-08,23.478292,24.195461,23.035231666666686,0.0
2024-11-09,24.655794,24.50997,23.478292916666685,0.0
2024-11-10,25.308926,24.970451,24.655795000000026,0.0
2024-11-11,26.931967,25.294811,25.308924166666696,0.0
2024-11-12,26.989408,26.655016,26.931966666666693,0.0
2024-11-13,26.970509,26.641056,26.98940958333336,0.0
2024-11-14,26.092777,26.59535,26.97050666666669,0.0
2024-11-15,25.21571,25.740444,26.09277875000002,0.0
2024-11-16,24.523794,25.281494,25.215708333333357,0.0
2024-11-17,24.489037,24.622496,24.523793333333362,0.0
2024-11-18,25.330713,24.583181,24.48903541666669,0.0
2024-11-19,25.344963,25.142822,25.330714166666684,0.0
2024-11-20,26.107746,25.162134,25.34496250000002,0.0
2024-11-21,25.287699,25.85383,26.107746666666696,0.0
2024-11-22,24.916945,24.900448,25.28769750000002,0.0
2024-11-23,24.461367,24.827412,24.91694541666669,0.0
2024-11-24,23.985332,24.433764,24.46136583333336,0.0
2024-11-25,23.941038,24.111631,23.985332500000023,0.0
2024-11-26,23.714895,23.952236,23.941039166666695,0.0
2024-11-27,23.580982,23.673006,23.714895000000027,0.0
2024-11-28,24.093721,23.594816,23.580981250000022,0.0
2024-11-29,24.511621,23.784702,24.093720833333354,0.0
2024-11-30,24.7997,24.463339,24.511620416666688,0.0
2024-12-01,24.248554,24.74809,24.799699583333354,0.0
2024-12-02,24.419746,24.184093,24.248552916666682,0.0
2024-12-03,25.05202,24.033566,24.41974541666669,0.0
2024-12-04,24.71958,24.615993,25.052019166666685,0.0
2024-12-05,23.747662,24.387932,24.71957916666669,0.0
2024-12-06,22.759748,23.524242,23.74766041666669,0.0
2024-12-07,22.458277,22.631147,22.759747083333355,0.0
2024-12-08,23.120863,22.30291,22.458276250000026,0.0
2024-12-09,22.842354,22.99885,23.120864166666696,0.0
2024-12-10,23.111145,22.858316,22.842354166666695,0.0
2024-12-11,22.564598,23.092817,23.111145000000025,0.0
2024-12-12,22.308964,22.324682,22.564598750000016,0.0
2024-12-13,22.346504,22.298653,22.308964583333363,0.0
2024-12-14,22.584648,22.338398,22.34650375000003,0.0
2024-12-15,22.407776,22.365894,22.584646666666686,0.0
2024-12-16,22.81601,22.163586,22.407777083333354,0.0
2024-12-17,22.568184,22.616322,22.816007916666692,0.0
2024-12-18,23.092613,22.426191,22.5681829166667,0.0
2024-12-19,22.861555,22.76386,23.09261333333335,0.0
2024-12-20,22.063145,22.622366,22.86155458333336,0.0
2024-12-21,22.296986,22.156874,22.06314500000002,0.0
2024-12-22,21.883783,22.205566,22.296985833333355,0.0
2024-12-23,21.325197,21.85267,21.88378166666669,0.0
2024-12-24,21.851513,21.482464,21.325197916666692,0.0
2024-12-25,22.22791,21.945263,21.851512500000023,0.0
2024-12-26,22.4443,21.941395,22.227908750000022,0.0
2024-12-27,22.216684,22.180464,22.44429958333335,0.0
2024-12-28,22.867996,22.038584,22.216684166666692,0.0
2024-12-29,22.63584,22.707716,22.86799500000002,0.0
2024-12-30,23.347937,22.563637,22.63583916666669,0.0
2024-12-31,22.447416,23.061089,23.347935000000025,0.0
2025-01-01,21.856611,22.275013,22.447415833333356,0.0
2025-01-02,21.925228,22.040413,21.856609583333356,0.0
2025-01-03,22.348145,21.682302,21.92522791666669,0.0
2025-01-04,21.935858,22.197048,22.348145416666682,0.0
2025-01-05,22.841421,21.98191,21.9358591666667,0.0
2025-01-06,22.21399,22.535564,22.84141958333336,0.0
2025-01-07,22.81302,22.263025,22.213989166666682,0.0
2025-01-08,22.361654,22.484186,22.813020000000023,0.0
2025-01-09,21.714596,21.84551,22.361654583333358,0.0
2025-01-10,21.64856,21.723003,21.714597083333356,0.0
2025-01-11,22.15646,21.742205,21.64856000000002,0.0
2025-01-12,21.753973,22.051094,22.15646041666669,0.0
2025-01-13,21.696297,21.954159,21.75397458333336,0.0
2025-01-14,22.010538,21.830095,21.69629791666669,0.0
2025-01-15,21.848314,21.75604,22.01053791666668,0.0
2025-01-16,21.914896,21.901566,21.848313333333355,0.0
2025-01-17,20.94798,22.088383,21.914897500000023,0.0
2025-01-18,21.279757,21.167309,20.94798041666669,0.0
2025-01-19,20.9644,21.441435,21.27975583333335,0.0
2025-01-20,22.096869,21.2729,20.96439958333336,0.0
2025-01-21,22.317526,22.173399,22.09686750000002,0.0
2025-01-22,22.39006,22.124422,22.317525416666683,0.0
2025-01-23,23.168869,22.271433,22.390060833333354,0.0
2025-01-24,23.397614,22.895613,23.168868750000026,0.0
2025-01-25,22.253069,23.110933,23.39761416666669,0.0
2025-01-26,22.337965,22.208885,22.253069166666688,0.0
2025-01-27,23.017105,22.418493,22.337963750000025,0.0
2025-01-28,23.191757,22.848604,23.017102916666687,0.0
2025-01-29,21.970964,22.554499,23.191755416666684,0.0
2025-01-30,21.983353,21.919931,21.970964166666686,0.0
2025-01-31,21.700878,21.933306,21.98335166666669,0.0
2025-02-01,22.049158,21.73063,21.700878333333353,0.0
2025-02-02,22.214823,22.61027,22.049158333333356,0.0
2025-02-03,21.971521,22.447647,22.21482291666669,0.0
2025-02-04,22.076714,22.42271,21.971521250000023,0.0
2025-02-05,24.192379,22.653597,22.076713333333355,0.0
2025-02-06,23.374058,24.24004,24.192379166666683,0.0
2025-02-07,23.491175,23.436087,23.37405708333336,0.0
2025-02-08,24.507332,23.659824,23.49117375000003,0.0
2025-02-09,25.079689,24.506685,24.50733125000002,0.0
2025-02-10,24.542301,24.652218,25.079690416666693,0.0
2025-02-11,23.608938,24.224731,24.54230208333335,0.0
2025-02-12,23.084951,23.701488,23.60894000000002,0.0
2025-02-13,25.340765,23.39765,23.084951666666694,0.0
2025-02-14,26.099676,25.24635,25.34076583333336,0.0
2025-02-15,24.403343,25.788868,26.099674166666684,0.0
2025-02-16,23.905127,24.885483,24.40334208333336,0.0
2025-02-17,22.883766,24.236671,23.90512750000002,0.0
2025-02-18,23.517418,23.175154,22.88376625000002,0.0
2025-02-19,24.21287,24.173553,23.51741666666669,0.0
2025-02-20,24.249378,24.723982,24.21286916666669,0.0
2025-02-21,24.730682,24.8041,24.249378333333354,0.0
2025-02-22,24.542742,25.283646,24.730682500000025,0.0
2025-02-23,25.216396,24.861753,24.542742083333355,0.0
2025-02-24,25.500143,25.561777,25.21639541666669,0.0
2025-02-25,26.143637,25.790443,25.500144166666686,0.0
2025-02-26,25.209248,26.227343,26.14363666666669,0.0
2025-02-27,25.24762,25.648397,25.209246666666687,0.0
2025-02-28,25.495491,25.59924,25.247618750000026,0.0
2025-03-01,25.853073,25.666485,25.495491250000033,0.0
2025-03-02,27.930426,26.425774,25.853074166666698,0.0
2025-03-03,27.474926,27.949694,27.93042625000002,0.0
2025-03-04,26.644283,27.582039,27.474924166666682,0.0
2025-03-05,25.981112,27.321398,26.644283750000017,0.0
2025-03-06,26.312859,26.678844,25.981110416666695,0.0
2025-03-07,27.391798,26.864197,26.312858333333352,0.0
2025-03-08,27.216713,27.704723,27.39179791666669,0.0
2025-03-09,26.149351,27.189701,27.216712083333352,0.0
2025-03-10,26.220633,26.696003,26.149349583333358,0.0
2025-03-11,26.896835,27.098385,26.220632083333356,0.0
2025-03-12,27.194828,27.620789,26.896835833333352,0.0
2025-03-13,27.75189,27.892551,27.194827500000013,0.0
2025-03-14,29.852888,28.051083,27.751889583333355,0.0
2025-03-15,29.62832,29.536936,29.852887916666692,0.0
2025-03-16,30.72815,29.495907,29.628321250000027,0.0
2025-03-17,31.888952,30.381575,30.728150000000017,0.0
2025-03-18,31.995398,30.846798,31.888953333333358,0.0
2025-03-19,31.645555,30.51836,31.995398333333355,0.0
2025-03-20,30.630861,30.843151,31.64555500000002,0.0
2025-03-21,30.183258,30.16099,30.630859583333358,0.0
2025-03-22,30.309505,29.590078,30.183256666666693,0.0
2025-03-23,29.388348,30.029581,30.309504166666684,0.0
2025-03-24,28.662985,29.399181,29.388347500000023,0.0
2025-03-25,28.153397,28.962534,28.662985000000024,0.0
2025-03-26,28.781296,28.905685,28.153397500000022,0.0
2025-03-27,29.869846,29.475203,28.781294583333352,0.0
2025-03-28,29.89376,30.366617,29.86984666666669,0.0
2025-03-29,31.48562,30.116589,29.893761250000026,0.0
2025-03-30,32.040413,31.251808,31.48561958333336,0.0
2025-03-31,32.326485,31.4915,32.04041291666669,0.0
2025-04-01,32.30884,31.884558,32.32648541666669,0.0
2025-04-02,32.309597,31.445189,32.30884291666669,0.0
2025-04-03,33.103516,32.189762,32.309597500000024,0.0
2025-04-04,32.340515,32.87051,33.10351625000002,0.0
2025-04-05,32.21087,32.32863,32.34051291666669,0.0
2025-04-06,30.512642,31.42623,32.21087000000002,0.0
2025-04-07,30.16562,30.168495,30.512640416666688,0.0
2025-04-08,30.605122,29.53301,30.165618750000018,0.0
2025-04-09,29.31046,30.622734,30.605120000000024,0.0
2025-04-10,29.368622,29.626757,29.310458750000027,0.0
2025-04-11,30.582943,29.836538,29.368621250000018,0.0
2025-04-12,30.91833,30.749388,30.582943750000023,0.0
2025-04-13,29.91842,30.457304,30.91832708333335,0.0
2025-04-14,30.044146,29.836054,29.918421250000026,0.0
2025-04-15,27.672081,29.241894,30.044144166666687,0.0
2025-04-16,28.955141,28.498215,27.672081250000023,0.0
2025-04-17,29.306894,29.536531,28.955142083333353,0.0
2025-04-18,29.176588,29.762743,29.30689333333335,0.0
2025-04-19,29.155907,29.620457,29.17658875000002,0.0
2025-04-20,30.61671,29.745943,29.15590625000002,0.0
2025-04-21,31.41204,30.944069,30.616710000000026,0.0
2025-04-22,33.143486,31.418516,31.412039166666684,0.0
2025-04-23,33.593475,32.5753,33.14348583333336,0.0
2025-04-24,33.365868,32.98774,33.593476250000016,0.0
2025-04-25,33.399742,32.852203,33.365868750000025,0.0
2025-04-26,33.93064,33.02405,33.39974166666669,0.0
2025-04-27,33.17742,33.34375,33.93064208333335,0.0
2025-04-28,32.58413,32.645943,33.17741875000002,0.0
2025-04-29,28.786566,32.313198,32.584128750000026,0.0
2025-04-30,26.907814,27.772602,28.78656541666669,0.0
2025-05-01,26.790234,27.592745,26.907814166666686,0.0
2025-05-02,26.406416,27.847418,26.79023333333335,0.0
2025-05-03,28.141243,27.88236,26.40641583333335,0.0
2025-05-04,28.074419,28.898027,28.141243333333353,0.0
2025-05-05,30.147562,29.229576,28.07441916666669,0.0
2025-05-06,30.97467,30.940619,30.14756083333336,0.0
2025-05-07,31.82936,31.199183,30.974668750000024,0.0
2025-05-08,30.841179,31.422579,31.829359583333357,0.0
2025-05-09,32.115253,31.168797,30.841177083333353,0.0
2025-05-10,32.19669,31.952078,32.11525250000002,0.0
2025-05-11,31.57978,31.749811,32.196687500000024,0.0
2025-05-12,29.748716,31.223366,31.57978083333335,0.0
2025-05-13,29.643152,28.88716,29.748716666666684,0.0
2025-05-14,30.001963,29.241438,29.64315041666669,0.0
2025-05-15,29.842981,30.156597,30.00196250000003,0.0
2025-05-16,29.886143,29.668392,29.842980833333357,0.0
2025-05-17,28.350554,29.80535,29.88614125000002,0.0
2025-05-18,28.126768,28.674086,28.35055250000002,0.0
2025-05-19,29.377008,28.264645,28.126767083333352,0.0
2025-05-20,30.706278,30.075808,29.37700750000002,0.0
2025-05-21,28.969667,29.964567,30.706275833333354,0.0
2025-05-22,29.528206,28.554874,28.969665833333355,0.0
2025-05-23,29.64376,29.311316,29.528206666666694,0.0
2025-05-24,28.647568,29.718952,29.64376041666669,0.0
2025-05-25,27.935513,28.267262,28.647568333333357,0.0
2025-05-26,27.409773,27.793661,27.935512500000026,0.0
2025-05-27,27.368385,28.209208,27.40977166666669,0.0
2025-05-28,28.202438,27.557316,27.36838583333336,0.0
2025-05-29,28.593588,28.118015,28.202437916666696,0.0
2025-05-30,28.618015,28.13412,28.593586666666692,0.0
2025-05-31,28.19693,28.519688,28.61801375000002,0.0
2025-06-01,29.09261,28.167143,28.196928333333357,0.0
2025-06-02,27.212908,28.7672,29.09260916666669,0.0
2025-06-03,28.145287,27.479176,27.212905833333355,0.0
2025-06-04,29.384222,29.247274,28.145284583333353,0.0
2025-06-05,29.891308,29.667921,29.38422250000001,0.0
2025-06-06,30.599764,29.768084,29.89130583333335,0.0
2025-06-07,31.006538,30.878958,30.59976291666669,0.0
2025-06-08,30.348486,30.78992,31.00653833333335,0.0
2025-06-09,29.64434,29.869345,30.348485416666687,0.0
2025-06-10,28.746157,29.406145,29.644339583333362,0.0
2025-06-11,27.676388,28.057278,28.74615750000002,0.0
2025-06-12,28.362055,27.649931,27.67638666666669,0.0
2025-06-13,29.469078,29.36413,28.362053750000026,0.0
2025-06-14,29.769365,29.313047,29.469078333333357,0.0
2025-06-15,29.713388,29.836372,29.76936625000002,0.0
2025-06-16,28.88802,29.533857,29.713388750000025,0.0
2025-06-17,28.847164,28.760681,28.888018750000015,0.0
2025-06-18,28.9039,28.697659,28.847163333333356,0.0
2025-06-19,29.542435,28.947622,28.90389875000002,0.0
2025-06-20,29.2627,29.558966,29.542432916666684,0.0
2025-06-21,29.989223,29.024803,29.26269750000002,0.0
2025-06-22,30.2399,29.866411,29.98922375000002,0.0
2025-06-23,29.635134,30.029882,30.239900000000024,0.0
2025-06-24,29.828121,29.726618,29.63513500000002,0.0
2025-06-25,29.521925,29.866283,29.82812041666669,0.0
2025-06-26,29.255466,29.436268,29.521924583333355,0.0
2025-06-27,29.236141,29.233145,29.255465416666684,0.0
2025-06-28,29.146442,29.499916,29.236140000000024,0.0
2025-06-29,29.347116,29.33194,29.14644208333336,0.0
2025-06-30,29.763792,29.559444,29.347114583333354,0.0
2025-07-01,29.267202,29.812296,29.763791666666688,0.0
2025-07-02,29.137787,29.25129,29.267202083333355,0.0
2025-07-03,28.455044,29.338907,29.137787083333354,0.0
2025-07-04,29.371408,28.789759,28.455042500000022,0.0
2025-07-05,29.090727,29.522003,29.371407083333356,0.0
2025-07-06,29.091711,29.237387,29.09072708333336,0.0
2025-07-07,28.199839,29.21267,29.09171041666669,0.0
2025-07-08,28.695515,28.292067,28.199838750000026,0.0
2025-07-09,28.349894,28.602045,28.69551375000002,0.0
2025-07-10,28.602926,28.841448,28.349892916666693,0.0
2025-07-11,29.664473,28.781761,28.602925000000024,0.0
2025-07-12,28.41595,29.744192,29.664472083333354,0.0
2025-07-13,28.872866,28.64455,28.415952083333355,0.0
2025-07-14,29.331312,29.043678,28.87286500000002,0.0
2025-07-15,29.486244,29.370195,29.33131291666669,0.0
2025-07-16,27.145267,29.247803,29.486242083333355,0.0
2025-07-17,27.838356,27.92084,27.145267916666693,0.0
2025-07-18,28.305004,28.490824,27.838357083333353,0.0
2025-07-19,29.397106,28.811214,28.305002916666695,0.0
2025-07-20,30.105017,29.572271,29.397104583333356,0.0
2025-07-21,29.904404,30.052717,30.105015833333354,0.0
2025-07-22,30.154755,29.80016,29.904402916666694,0.0
2025-07-23,27.781204,30.0716,30.15475416666668,0.0
2025-07-24,28.544851,28.163301,27.781205416666683,0.0
2025-07-25,28.882978,28.264475,28.544851250000022,0.0
2025-07-26,28.986275,28.986942,28.882978750000024,0.0
2025-07-27,27.34692,28.832647,28.98627291666668,0.0
2025-07-28,27.115665,27.682512,27.346920833333357,0.0
2025-07-29,27.553606,27.72057,27.11566541666669,0.0
2025-07-30,28.77036,28.029501,27.553604583333353,0.0
2025-07-31,28.872545,28.726946,28.77035958333336,0.0
2025-08-01,29.723925,28.766348,28.87254500000002,0.0
2025-08-02,28.79717,29.515406,29.723924166666688,0.0
2025-08-03,29.704063,28.724773,28.797170416666688,0.0
2025-08-04,29.708027,29.299723,29.70406333333335,0.0
2025-08-05,29.996407,29.47325,29.708025000000024,0.0
2025-08-06,28.160233,29.525278,29.99640750000003,0.0
2025-08-07,28.149593,28.150114,28.160232916666683,0.0
2025-08-08,28.602547,28.273664,28.14959166666669,0.0
2025-08-09,29.682507,29.109135,28.602546666666694,0.0
2025-08-10,30.123554,29.610857,29.682504583333355,0.0
2025-08-11,30.65467,29.764236,30.123552916666693,0.0
2025-08-12,29.773125,30.259422,30.654670000000028,0.0
2025-08-13,30.012695,29.687538,29.773123750000025,0.0
2025-08-14,28.997074,29.8017,30.012694583333353,0.0
2025-08-15,29.52816,29.140827,28.997072500000026,0.0
2025-08-16,28.09722,29.107258,29.52815833333335,0.0
2025-08-17,28.89387,28.39063,28.097220416666687,0.0
2025-08-18,28.954329,29.128613,28.893867916666693,0.0
2025-08-19,29.059072,29.254679,28.95432708333335,0.0
2025-08-20,29.073244,29.222063,29.059071666666693,0.0
2025-08-21,29.167814,29.069822,29.07324458333336,0.0
2025-08-22,29.298046,29.121819,29.167813750000022,0.0
2025-08-23,29.25357,29.210434,29.298045416666685,0.0
2025-08-24,28.926273,29.291286,29.25357000000003,0.0
2025-08-25,29.298058,29.16779,28.92627166666669,0.0
2025-08-26,28.812887,29.68387,29.29805541666669,0.0
2025-08-27,27.460299,28.740898,28.81288750000002,0.0
2025-08-28,26.88339,28.10405,27.46029916666669,0.0
2025-08-29,27.307594,27.79705,26.88339041666669,0.0
2025-08-30,29.273788,28.505575,27.307593333333354,0.0
2025-08-31,29.978558,29.684498,29.273787500000026,0.0
2025-09-01,30.062876,29.569288,29.978558333333364,0.0
2025-09-02,29.281384,29.56711,30.06287416666669,0.0
2025-09-03,29.223305,29.427649,29.281383750000018,0.0
2025-09-04,30.021423,29.277035,29.223302916666693,0.0
2025-09-05,30.769636,29.876957,30.021423750000025,0.0
2025-09-06,30.282452,30.104078,30.769636250000023,0.0
2025-09-07,29.698624,29.488274,30.282452916666696,0.0
2025-09-08,30.001518,29.569105,29.698623750000024,0.0
2025-09-09,29.84134,29.670736,30.00151875000002,0.0
2025-09-10,29.554384,29.145823,29.841338333333358,0.0
2025-09-11,28.974289,29.376614,29.554382916666686,0.0
2025-09-12,29.52182,29.035013,28.97428750000002,0.0
2025-09-13,28.569763,29.351126,29.521818333333357,0.0
2025-09-14,27.34916,28.36986,28.569762500000024,0.0
2025-09-15,27.655083,27.711613,27.34915916666669,0.0
2025-09-16,28.851334,28.238045,27.655082083333355,0.0
2025-09-17,29.566666,28.737322,28.851332083333357,0.0
2025-09-18,29.509863,29.256165,29.56666500000003,0.0
2025-09-19,29.35147,29.280037,29.509862083333356,0.0
2025-09-20,29.871983,29.362408,29.351469166666693,0.0
2025-09-21,28.68154,29.56966,29.871980416666688,0.0
2025-09-22,29.076595,28.63268,28.681538750000026,0.0
2025-09-23,29.02612,29.046675,29.076595833333357,0.0
2025-09-24,28.027376,29.15446,29.026118750000023,0.0
2025-09-25,28.466051,28.407585,28.02737458333335,0.0
2025-09-26,28.677279,28.639935,28.466050000000024,0.0
2025-09-27,28.1624,28.335001,28.67727666666669,0.0
2025-09-28,29.144604,28.40773,28.162398750000023,0.0
2025-09-29,30.317303,29.233923,29.144602083333353,0.0
2025-09-30,26.925686,29.137238,30.317301250000025,0.0
2025-10-01,27.624725,27.46395,26.925685416666692,0.0
2025-10-02,27.824774,27.941694,27.62472541666669,0.0
2025-10-03,29.02422,28.14315,27.824773333333354,0.0
2025-10-04,28.716908,29.041092,29.024218750000028,0.0
2025-10-05,29.159895,28.291445,28.716905000000015,0.0
2025-10-06,28.497648,29.095377,29.159894166666692,0.0
2025-10-07,28.948664,28.601469,28.497647916666683,0.0
2025-10-08,28.847569,28.506523,28.948662500000022,0.0
2025-10-09,28.622969,28.642187,28.847568750000033,0.0
2025-10-10,28.66031,28.379065,28.622969583333354,0.0
2025-10-11,29.36101,28.31345,28.660308750000024,0.0
2025-10-12,29.534035,29.425398,29.36100916666669,0.0
2025-10-13,28.935823,29.566774,29.534034583333362,0.0
2025-10-14,28.846048,28.666634,28.935822500000018,0.0
2025-10-15,27.872604,28.433508,28.846047916666688,0.0
2025-10-16,27.190779,27.55759,27.872604166666687,0.0
2025-10-17,27.466928,27.500257,27.190777500000024,0.0
2025-10-18,28.076319,27.648865,27.466928750000022,0.0
2025-10-19,28.14431,28.09081,28.076318333333358,0.0
2025-10-20,28.035463,28.06776,28.144310416666695,0.0
2025-10-21,28.822025,27.980696,28.03546291666669,0.0
2025-10-22,28.66718,28.614931,28.82202458333336,0.0
2025-10-23,28.756443,28.403282,28.66717958333336,0.0
2025-10-24,29.156904,28.567825,28.75644291666669,0.0
2025-10-25,29.044037,28.96368,29.156905000000023,0.0
2025-10-26,28.846457,28.740887,29.044037083333354,0.0
2025-10-27,28.855303,28.619688,28.846455833333355,0.0
2025-10-28,28.893665,28.474768,28.85530291666669,0.0
2025-10-29,29.344109,28.560503,28.893664166666685,0.0
2025-10-30,29.304165,28.684727,29.344109583333353,0.0
2025-10-31,29.993055,28.792648,29.304163750000026,0.0
2025-11-01,29.082355,29.07731,29.993055000000023,0.0
2025-11-02,28.230278,27.74055,29.082356666666684,0.0
2025-11-03,27.978107,27.751806,28.230276666666686,0.0
2025-11-04,27.423412,27.601908,27.978106666666694,0.0
2025-11-05,26.565521,26.633698,27.42341166666669,0.0
2025-11-06,27.471651,27.056042,26.565521250000018,0.0
2025-11-07,27.01937,27.359118,27.47165166666669,0.0
2025-11-08,27.669958,26.566723,27.019370000000023,0.0
2025-11-09,27.892872,27.43629,27.66995666666669,0.0
2025-11-10,26.834753,27.254398,27.892870833333358,0.0
2025-11-11,25.52812,26.829702,26.834753750000022,0.0
2025-11-12,25.573212,25.716688,25.52812041666669,0.0
2025-11-13,25.34819,25.488415,25.573210416666683,0.0
2025-11-14,24.92747,25.31563,25.34819083333336,0.0
2025-11-15,24.867422,24.991507,24.927469166666686,0.0
2025-11-16,24.9599,24.859653,24.86742166666669,0.0
2025-11-17,25.238895,24.882128,24.959898333333353,0.0
2025-11-18,25.651945,25.128653,25.238894166666686,0.0
2025-11-19,25.917439,25.389814,25.651946250000023,0.0
2025-11-20,26.226353,25.623943,25.917438333333354,0.0
2025-11-21,25.849607,25.856594,26.226353750000015,0.0
2025-11-22,25.639914,25.570074,25.849607083333357,0.0
2025-11-23,24.564611,25.507751,25.63991291666669,0.0
2025-11-24,24.536787,24.355484,24.56461083333335,0.0
2025-11-25,23.901009,24.404861,24.536787916666686,0.0
2025-11-26,23.171255,24.155771,23.901009166666693,0.0
2025-11-27,22.706022,23.172138,23.171253750000023,0.0
2025-11-28,21.480656,22.795979,22.706022916666694,0.0
2025-11-29,20.909153,21.845766,21.480654166666692,0.0
2025-11-30,20.627197,21.516737,20.909152500000022,0.0
2025-12-01,20.962105,21.266628,20.627197500000026,0.0
2025-12-02,21.477524,21.559605,20.96210625000002,0.0
2025-12-03,23.064735,21.763018,21.477522916666686,0.0
2025-12-04,22.814783,22.843407,23.064736250000024,0.0
2025-12-05,22.649872,22.602867,22.814784166666694,0.0
2025-12-06,22.560854,22.530193,22.649870833333356,0.0
2025-12-07,21.825693,22.49124,22.560852916666686,0.0
2025-12-08,21.92572,21.885965,21.825694583333355,0.0
2025-12-09,22.071642,21.923416,21.925719166666692,0.0
2025-12-10,21.746738,22.065733,22.07164000000002,0.0
2025-12-11,21.76809,21.802252,21.74673875000003,0.0
2025-12-12,22.19645,21.781118,21.768090416666695,0.0
2025-12-13,22.259604,22.10721,22.196449166666685,0.0
2025-12-14,22.304092,22.009798,22.259602500000025,0.0
2025-12-15,22.56739,22.106176,22.30409250000002,0.0
2025-12-16,21.619173,22.381329,22.567390416666694,0.0
2025-12-17,22.28975,21.669315,21.619172916666695,0.0
2025-12-18,21.983915,22.082628,22.289748333333353,0.0
2025-12-19,20.773472,21.930723,21.983914166666683,0.0
2025-12-20,20.875423,21.138351,20.77347208333336,0.0
2025-12-21,22.026503,20.9723,20.87542375000002,0.0
2025-12-22,21.47722,21.687813,22.02650208333336,0.0
2025-12-23,21.707542,21.595407,21.477220416666682,0.0
2025-12-24,21.585632,21.736713,21.70754166666669,0.0
2025-12-25,21.75079,21.497639,21.585633750000024,0.0
2025-12-26,21.303223,21.61621,21.750789583333358,0.0
2025-12-27,20.99612,21.319382,21.303223750000033,0.0
2025-12-28,21.1954,20.991325,20.99611958333335,0.0
2025-12-29,21.028427,21.29034,21.195400000000024,0.0
2025-12-30,21.28413,21.159737,21.02842875000002,0.0
2025-12-31,21.00832,21.393023,21.284129583333357,0.0
2026-01-01,20.828047,21.095442,21.00832041666669,0.0
2026-01-02,21.398348,21.040384,20.82804750000002,0.0
2026-01-03,22.217566,21.347605,21.398347916666694,0.0
2026-01-04,20.697351,21.861485,22.217564166666687,0.0
2026-01-05,19.943308,20.620697,20.697352083333357,0.0
2026-01-06,20.155022,20.121689,19.94330875000002,0.0
2026-01-07,20.097578,20.230268,20.155022916666685,0.0
2026-01-08,21.215706,20.444859,20.097577083333352,0.0
2026-01-09,20.821407,21.24525,21.215705000000018,0.0
2026-01-10,20.885353,20.985983,20.821408333333356,0.0
2026-01-11,21.891222,20.841187,20.885354166666687,0.0
2026-01-12,21.983507,21.751478,21.89122125000002,0.0
2026-01-13,21.009829,21.894817,21.98350666666669,0.0
2026-01-14,22.056011,21.199244,21.00982791666669,0.0
2026-01-15,22.562433,21.99331,22.05601041666669,0.0
2026-01-16,21.8799,22.402334,22.562431666666686,0.0
2026-01-17,21.421606,21.983932,21.87989916666669,0.0
2026-01-18,20.5912,21.318712,21.42160666666669,0.0
2026-01-19,20.796465,20.664362,20.591199583333356,0.0
2026-01-20,21.317568,21.000887,20.796465416666695,0.0
2026-01-21,21.447412,21.357832,21.317569583333356,0.0
2026-01-22,21.854563,21.505064,21.447412916666682,0.0
2026-01-23,22.031796,21.804527,21.854562500000025,0.0
2026-01-24,22.279142,21.990572,22.03179583333336,0.0
2026-01-25,22.331089,22.312677,22.27914125000002,0.0
2026-01-26,22.14184,22.519957,22.33108875000002,0.0
2026-01-27,22.112104,22.1665,22.141839166666696,0.0
2026-01-28,22.073338,22.16229,22.112104166666683,0.0
2026-01-29,22.880917,22.177486,22.073337083333353,0.0
2026-01-30,23.072767,22.754581,22.880915833333358,0.0
2026-01-31,22.420273,22.956778,23.07276708333335,0.0
2026-02-01,22.596485,22.504972,22.420271666666693,0.0
2026-02-02,22.469501,22.711138,22.59648500000002,0.0
2026-02-03,23.1484,22.517479,22.469499583333356,0.0
2026-02-04,23.568628,23.168966,23.148397916666692,0.0
2026-02-05,23.727013,23.568605,23.56862833333336,0.0
2026-02-06,22.99216,23.895353,23.72701250000002,0.0
2026-02-07,22.969707,23.130636,22.992160833333358,0.0
2026-02-08,23.697222,23.384516,22.96970708333336,0.0
2026-02-09,24.758614,24.024235,23.69722000000002,0.0
2026-02-10,25.458715,24.813505,24.758614583333355,0.0
2026-02-11,24.815226,25.189085,25.458715000000023,0.0
2026-02-12,23.570038,24.779823,24.81522416666669,0.0
2026-02-13,23.598364,23.48201,23.570037500000023,0.0
2026-02-14,23.896172,23.92302,23.598363333333356,0.0
2026-02-15,23.871445,24.010277,23.896171250000023,0.0
2026-02-16,23.221165,24.217361,23.871444583333357,0.0
2026-02-17,22.99185,23.563923,23.22116458333335,0.0
2026-02-18,24.301662,23.612724,22.99184958333336,0.0
2026-02-19,25.489326,24.618149,24.30166333333335,0.0
2026-02-20,27.105564,25.606869,25.489326250000023,0.0
2026-02-21,27.420586,27.11243,27.105562916666695,0.0
2026-02-22,27.014044,27.539742,27.42058583333336,0.0
2026-02-23,25.296898,26.783855,27.014043750000017,0.0
2026-02-24,26.94544,24.929237,25.296897500000018,0.0
2026-02-25,26.01169,26.3979,26.94544000000003,0.0
2026-02-26,25.71029,26.08653,26.011690416666692,0.0
2026-02-27,25.680702,26.357054,25.71029000000003,0.0
2026-02-28,25.362396,25.951645,25.680702083333358,0.0
2026-03-01,24.746517,25.411972,25.362397500000025,0.0
2026-03-02,25.985878,25.451391,24.746516250000024,0.0
2026-03-03,26.037258,26.485723,25.985877500000026,0.0
2026-03-04,25.899948,26.642252,26.03725791666669,0.0
2026-03-05,27.003841,26.720337,25.899949583333353,0.0
2026-03-06,28.934055,27.591879,27.003842083333353,0.0
2026-03-07,29.195963,28.585938,28.934056250000022,0.0
2026-03-08,28.08184,28.71848,29.195962083333356,0.0
2026-03-09,27.976706,27.862555,28.081840000000028,0.0
2026-03-10,28.99896,27.970652,27.976706250000017,0.0
2026-03-11,30.29443,28.921694,28.998958750000018,0.0
2026-03-12,29.302633,29.753914,30.294430000000023,0.0
2026-03-13,29.314924,28.88809,29.30263250000002,0.0
2026-03-14,30.04719,28.362446,29.314922500000023,0.0
2026-03-15,29.525234,29.735548,30.047189583333353,0.0
2026-03-16,28.691769,29.402386,29.525235000000023,0.0
2026-03-17,28.035055,28.961603,28.69176791666668,0.0
2026-03-18,28.812262,28.561338,28.035055416666694,0.0
2026-03-19,28.647907,29.184647,28.81226125000002,0.0
2026-03-20,28.866697,28.875156,28.647907916666686,0.0
2026-03-21,28.643202,29.13364,28.866697500000026,0.0
2026-03-22,28.295708,28.415682,28.64320041666669,0.0
2026-03-23,27.140072,28.896418,28.295707083333355,0.0
2026-03-24,28.409142,27.95584,27.140071250000023,0.0
2026-03-25,28.71254,29.288433,28.409140000000026,0.0
2026-03-26,28.944176,28.96781,28.712540416666684,0.0
2026-03-27,30.251339,29.579443,28.944174583333353,0.0
2026-03-28,30.988289,30.500383,30.25133750000002,0.0
2026-03-29,29.59485,30.124561,30.988287500000013,0.0
2026-03-30,30.492596,30.014568,29.594849166666695,0.0
2026-03-31,31.62913,30.671593,30.492595833333354,0.0
2026-04-01,31.716951,31.100607,31.629128750000024,0.0
2026-04-02,32.673817,31.310343,31.71695041666669,0.0
2026-04-03,32.5213,32.316532,32.673817083333354,0.0
2026-04-04,33.25501,32.18503,32.52129875000002,0.0
2026-04-05,33.21369,32.48505,33.25500833333336,0.0
2026-04-06,32.211346,32.183487,33.21369125000002,0.0
2026-04-07,29.39777,31.933813,32.211345833333354,0.0
2026-04-08,28.882885,29.413265,29.397767500000025,0.0
2026-04-09,29.446913,29.924725,28.882884583333354,0.0
2026-04-10,29.872782,29.204096,29.446911666666693,0.0
2026-04-11,28.697174,30.825272,29.872780833333355,0.0
2026-04-12,29.757353,29.97001,28.697173333333364,0.0
2026-04-13,30.409403,31.214838,29.757352500000025,0.0
2026-04-14,32.23961,31.340734,30.40940125000003,0.0
2026-04-15,33.238655,32.51582,32.23960916666669,0.0
2026-04-16,31.663174,32.853313,33.23865416666669,0.0
2026-04-17,32.983776,31.653591,31.663173750000027,0.0
2026-04-18,34.05455,32.974194,32.983778333333355,0.0
2026-04-19,33.38648,33.444603,34.05454958333336,0.0
2026-04-20,34.123283,32.70162,33.3864779166667,0.0
2026-04-21,34.61705,33.472492,34.12328125000002,0.0
2026-04-22,34.203865,33.891705,34.61705041666669,0.0
2026-04-23,32.7558,33.368065,34.20386416666668,0.0
2026-04-24,34.322063,32.155563,32.755797083333356,0.0
2026-04-25,32.1858,33.140892,34.32206458333335,0.0
2026-04-26,30.182962,31.382702,32.185798750000025,0.0
2026-04-27,30.203024,30.787008,30.182962916666693,0.0
2026-04-28,29.095224,30.956112,30.20302375000003,0.0
2026-04-29,28.719202,29.174932,29.095224166666693,0.0
2026-04-30,28.396206,29.525764,28.71920166666669,0.0
2026-05-01,28.82359,28.072922,28.3962054166667,0.0
2026-05-02,28.404514,28.84443,28.823588750000017,0.0
2026-05-03,29.168968,29.73351,28.40451333333336,0.0
2026-05-04,29.566486,29.579134,29.16896750000002,0.0
2026-05-05,30.501999,30.41095,29.566487500000022,0.0
2026-05-06,31.153961,30.684553,30.501998750000023,0.0
2026-05-07,30.026579,30.904032,31.15396041666669,0.0
2026-05-08,30.34327,29.92092,30.026577916666692,0.0
2026-05-09,29.338938,30.345575,30.34326875000002,0.0
2026-05-10,25.083813,29.296066,29.338935833333355,0.0
2026-05-11,24.888376,26.193073,25.08381083333336,0.0
2026-05-12,27.143904,27.411295,24.888377083333353,0.0
2026-05-13,29.77206,29.057405,27.143903333333355,0.0
2026-05-14,29.447414,30.477125,29.772061250000025,0.0
2026-05-15,29.9217,29.914755,29.44741291666669,0.0
2026-05-16,30.473122,30.306765,29.92169875000002,0.0
2026-05-17,31.088165,30.661137,30.473120000000023,0.0
2026-05-18,30.994965,31.289268,31.088163750000025,0.0
2026-05-19,31.061092,30.619919,30.994963750000025,0.0
2026-05-20,32.34174,31.390753,31.061092083333353,0.0
2026-05-21,32.701847,32.34457,32.341738750000026,0.0
2026-05-22,31.380953,31.880022,32.70184750000002,0.0
2026-05-23,30.025194,30.32101,31.380950833333348,0.0
2026-05-24,29.868862,29.368843,30.025192916666693,0.0
2026-05-25,30.416744,30.111374,29.868861666666692,0.0
2026-05-26,30.18302,30.784046,30.41674416666669,0.0
2026-05-27,30.400173,30.557775,30.183019166666686,0.0
2026-05-28,30.430696,30.446688,30.400171250000025,0.0
2026-05-29,28.377493,30.748278,30.430695833333345,0.0
2026-05-30,28.847902,28.08914,28.37749125000002,0.0
2026-05-31,29.707571,29.02817,28.84790041666669,0.0
2026-06-01,30.16995,29.518362,29.70757083333336,0.0
2026-06-02,29.087698,29.28392,30.169949583333352,0.0
2026-06-03,30.21286,29.24402,29.087697916666695,0.0
2026-06-04,30.879368,30.954535,30.212859166666693,0.0
2026-06-05,30.845623,31.312551,30.87936750000002,0.0
2026-06-06,30.268723,30.317072,30.845621666666688,0.0
2026-06-07,29.109129,29.76979,30.268722916666686,0.0
2026-06-08,28.948772,29.177876,29.109129583333353,0.0
2026-06-09,28.373997,29.016201,28.94877125000002,0.0
2026-06-10,29.54963,28.873707,28.373995000000026,0.0
2026-06-11,28.552975,29.903332,29.54962958333336,0.0
2026-06-12,28.8003,27.700003,28.552974583333352,0.0
2026-06-13,29.065388,29.036001,28.800299583333356,0.0
2026-06-14,28.432842,29.320559,29.06538708333336,0.0
2026-06-15,28.535955,28.673304,28.43284083333336,0.0
2026-06-16,28.716976,28.522373,28.535953333333357,0.0
2026-06-17,29.498215,29.0235,28.716975416666696,0.0
2026-06-18,28.923729,29.443966,29.49821458333336,0.0
2026-06-19,29.04312,28.896624,28.923729166666686,0.0
2026-06-20,28.877682,29.236017,29.043118333333364,0.0
2026-06-21,29.200876,28.513092,28.877682083333355,0.0
2026-06-22,28.996325,29.080683,29.20087458333336,0.0
2026-06-23,28.769657,29.233067,28.99632250000003,0.0
2026-06-24,28.918598,28.942451,28.76965666666669,0.0
2026-06-25,29.748995,29.406538,28.918595833333356,0.0
2026-06-26,30.063625,30.03169,29.74899500000002,0.0
2026-06-27,30.69024,29.871456,30.06362458333336,0.0
2026-06-28,30.695133,30.36106,30.690240416666693,0.0
2026-06-29,30.901806,30.263172,30.695132083333352,0.0
2026-06-30,30.574049,30.593447,30.901805833333356,0.0
2026-07-01,30.067951,30.196795,30.574047916666686,0.0
2026-07-02,30.865894,30.164577,30.067950000000025,0.0
2026-07-03,30.681547,30.682047,30.865894583333354,0.0
2026-07-04,29.006561,30.423195,30.681546250000025,0.0
2026-07-05,28.942688,29.042528,29.006560833333364,0.0
2026-07-06,29.381968,29.285603,28.942687500000023,0.0
2026-07-07,28.748528,29.270739,29.381968750000024,0.0
2026-07-08,28.084696,28.520107,28.748525416666695,0.0
2026-07-09,28.092009,28.291164,28.084696250000025,0.0
2026-07-10,28.382824,28.527891,28.092007916666688,0.0
2026-07-11,29.479364,28.893995,28.38282333333336,0.0
2026-07-12,28.950773,29.56232,29.479363750000022,0.0
2026-07-13,30.066471,29.071684,28.95077291666669,0.0
2026-07-14,30.389057,30.163353,30.06647083333336,0.0
2026-07-15,29.604246,30.227911,30.38905583333336,0.0
2026-07-16,29.559546,29.493341,29.604243750000023,0.0
2026-07-17,29.05135,29.498749,29.559543750000028,0.0
2026-07-18,29.248817,29.235907,29.051349166666686,0.0
2026-07-19,26.29998,29.338951,29.248816250000022,0.0
2026-07-20,28.16945,27.524181,26.299980416666696,0.0
2026-07-21,29.172039,29.15186,28.16945125000002,0.0
2026-07-22,29.044361,29.170664,29.172038750000016,0.0
2026-07-23,28.832115,29.313162,29.044360833333357,0.0
2026-07-24,29.290989,29.294382,28.832113333333353,0.0
2026-07-25,29.7005,29.496115,29.290987083333352,0.0
2026-07-26,29.533278,29.854887,29.700499583333357,0.0
2026-07-27,28.948858,29.859476,29.53327708333336,0.0
2026-07-28,29.71327,28.753317,28.94885666666669,0.0
2026-07-29,29.150517,29.419292,29.713270833333354,0.0
2026-07-30,29.678461,29.295721,29.15051625000002,0.0
2026-07-31,28.78226,29.577538,29.678461250000026,0.0
2026-08-01,29.966764,28.74938,28.782261250000023,0.0
2026-08-02,29.849047,29.763462,29.966765416666686,0.0
2026-08-03,29.903265,29.614515,29.849047500000015,0.0
2026-08-04,28.835405,29.4171,29.903264583333357,0.0
2026-08-05,26.881186,28.640453,28.83540541666669,0.0
2026-08-06,26.792376,27.76959,26.881184583333354,0.0
2026-08-07,27.943794,27.670696,26.792374166666686,0.0
2026-08-08,28.465193,28.275505,27.943794583333357,0.0
2026-08-09,28.002594,28.324457,28.46519250000002,0.0
2026-08-10,27.782553,28.246967,28.00259250000002,0.0
2026-08-11,28.80292,28.232603,27.782551250000022,0.0
2026-08-12,28.51884,28.94425,28.80292083333335,0.0
2026-08-13,28.145973,28.807568,28.51884083333336,0.0
2026-08-14,29.501461,28.795618,28.145971666666686,0.0
2026-08-15,29.794353,29.620974,29.501460833333358,0.0
2026-08-16,28.956123,29.605553,29.794354166666693,0.0
2026-08-17,28.760813,28.879269,28.956122083333366,0.0
2026-08-18,29.672081,28.775417,28.76081291666669,0.0
2026-08-19,30.126253,29.73566,29.672081250000023,0.0
2026-08-20,29.687078,29.722065,30.12625250000002,0.0
2026-08-21,29.978514,29.709375,29.68707833333335,0.0
