date,actual_c,prediction_c,persistence_c,fusion_coefficient
2024-01-31,21.053965,21.85135,21.18140750000002,0.5
2024-02-01,21.556503,21.504536,21.05396333333336,0.5
2024-02-02,22.922209,22.319431,21.55650375000002,0.5
2024-02-03,22.281816,23.120544,22.92220916666669,0.5
2024-02-04,21.370619,22.569176,22.28181541666669,0.5
2024-02-05,21.384192,21.955013,21.370619583333355,0.5
2024-02-06,23.693071,22.043026,21.384190000000018,0.5
2024-02-07,23.865297,23.91131,23.69307041666669,0.5
2024-02-08,23.568235,24.15404,23.86529791666669,0.5
2024-02-09,22.357752,23.892267,23.56823458333336,0.5
2024-02-10,21.274862,22.02861,22.357751250000025,0.5
2024-02-11,22.734816,21.970446,21.274862916666688,0.5
2024-02-12,23.310467,23.391092,22.734816666666685,0.5
2024-02-13,22.783358,23.363268,23.310466666666695,0.5
2024-02-14,22.749722,23.1888,22.783357500000022,0.5
2024-02-15,24.359184,23.08461,22.749721666666687,0.5
2024-02-16,24.169168,24.44283,24.359185000000025,0.5
2024-02-17,23.858622,24.490475,24.169167500000018,0.5
2024-02-18,23.085514,24.594938,23.85862291666669,0.5
2024-02-19,23.115194,23.557825,23.085514166666684,0.5
2024-02-20,24.106428,23.897074,23.115194583333352,0.5
2024-02-21,25.093004,24.592178,24.10642875000002,0.5
2024-02-22,26.974224,24.967773,25.093003333333353,0.5
2024-02-23,26.789454,26.48191,26.974223750000018,0.5
2024-02-24,24.56697,26.695887,26.789453333333352,0.5
2024-02-25,25.61834,24.887196,24.56697041666668,0.5
2024-02-26,25.306452,26.246897,25.618340833333363,0.5
2024-02-27,26.018026,25.53632,25.306451666666693,0.5
2024-02-28,26.648073,26.744959,26.018026250000023,0.5
2024-02-29,25.643818,26.7087,26.648072500000016,0.5
2024-03-01,25.171835,25.676394,25.64381833333336,0.5
2024-03-02,25.46815,25.677246,25.171832916666688,0.5
2024-03-03,26.580284,26.144165,25.468149583333354,0.5
2024-03-04,26.770256,26.839096,26.580284166666683,0.5
2024-03-05,26.683695,27.131538,26.770256666666683,0.5
2024-03-06,25.158516,26.927633,26.683693750000018,0.5
2024-03-07,24.76151,25.397915,25.15851416666669,0.5
2024-03-08,25.233334,25.629297,24.761510416666695,0.5
2024-03-09,25.132322,26.114937,25.233332083333362,0.5
2024-03-10,24.629166,25.634296,25.132321666666694,0.5
2024-03-11,27.029497,25.61643,24.629165416666694,0.5
2024-03-12,27.964216,27.74563,27.029495833333346,0.5
2024-03-13,26.810135,27.665358,27.96421625000002,0.5
2024-03-14,27.340136,27.539457,26.81013583333335,0.5
2024-03-15,28.185902,27.772411,27.34013500000002,0.5
2024-03-16,27.460077,28.647556,28.18590000000003,0.5
2024-03-17,27.50192,27.77309,27.460077500000022,0.5
2024-03-18,27.91824,27.857975,27.501920000000023,0.5
2024-03-19,29.241678,28.435719,27.918240000000022,0.5
2024-03-20,29.516144,29.250237,29.241679166666685,0.5
2024-03-21,27.84832,29.301943,29.516142083333364,0.5
2024-03-22,25.07947,27.36276,27.848318750000022,0.5
2024-03-23,27.568396,26.668459,25.079468333333352,0.5
2024-03-24,27.869118,28.495039,27.56839541666669,0.5
2024-03-25,28.206276,28.196026,27.869116666666695,0.5
2024-03-26,29.18085,28.694504,28.20627625000003,0.5
2024-03-27,29.614576,29.214584,29.18084916666669,0.5
2024-03-28,29.823145,29.161715,29.61457458333335,0.5
2024-03-29,31.026018,29.81349,29.82314416666669,0.5
2024-03-30,31.740282,30.355852,31.026019166666696,0.5
2024-03-31,31.638958,30.617666,31.74028291666669,0.5
2024-04-01,33.10087,31.113445,31.638957083333356,0.5
2024-04-02,33.121395,32.177094,33.10086666666668,0.5
2024-04-03,33.542534,32.22029,33.121396250000025,0.5
2024-04-04,33.415527,32.624264,33.54253083333336,0.5
2024-04-05,34.55183,32.736923,33.41552666666669,0.5
2024-04-06,35.447987,33.327957,34.55182958333336,0.5
2024-04-07,33.785324,33.990772,35.447985000000024,0.5
2024-04-08,32.834435,32.71111,33.78532541666669,0.5
2024-04-09,32.13692,32.32462,32.83443500000002,0.5
2024-04-10,32.7291,31.853048,32.13692041666669,0.5
2024-04-11,32.291443,32.232437,32.72909666666669,0.5
2024-04-12,31.693375,32.00964,32.29144041666669,0.5
2024-04-13,31.762995,31.718307,31.69337291666669,0.5
2024-04-14,31.960302,31.703617,31.762994166666687,0.5
2024-04-15,32.783234,31.594254,31.960302500000022,0.5
2024-04-16,33.877567,32.63084,32.78323208333336,0.5
2024-04-17,33.50579,32.97293,33.877565000000025,0.5
2024-04-18,33.122925,32.978527,33.50579125000002,0.5
2024-04-19,34.016502,32.73922,33.12292500000003,0.5
2024-04-20,34.836414,33.568108,34.01650208333336,0.5
2024-04-21,34.677475,33.728577,34.83641333333335,0.5
2024-04-22,35.08748,33.844143,34.67747458333335,0.5
2024-04-23,34.689816,34.262207,35.08747666666669,0.5
2024-04-24,34.059925,34.30022,34.68981541666668,0.5
2024-04-25,34.34007,33.066917,34.05992375000002,0.5
2024-04-26,34.439022,34.029793,34.34006875000002,0.5
2024-04-27,35.51703,34.21228,34.43902083333336,0.5
2024-04-28,36.613857,34.98254,35.51702750000002,0.5
2024-04-29,35.137234,35.26417,36.61385916666669,0.5
2024-04-30,35.91544,34.285873,35.13723333333335,0.5
2024-05-01,34.590137,35.133484,35.91543791666669,0.5
2024-05-02,30.189774,34.012554,34.59013625000003,0.5
2024-05-03,30.083305,29.345062,30.18977375000002,0.5
2024-05-04,30.607046,31.41702,30.083302916666693,0.5
2024-05-05,31.538057,31.245132,30.60704541666669,0.5
2024-05-06,30.397308,31.805569,31.53805583333336,0.5
2024-05-07,29.265879,31.010447,30.39730750000002,0.5
2024-05-08,31.33222,29.943626,29.26587916666669,0.5
2024-05-09,31.649786,31.796173,31.33222125000002,0.5
2024-05-10,30.98626,31.162,31.649785416666685,0.5
2024-05-11,31.220444,31.343836,30.986258333333357,0.5
2024-05-12,32.01355,31.730742,31.220444166666695,0.5
2024-05-13,33.56617,32.232914,32.013549166666685,0.5
2024-05-14,35.34471,33.433228,33.566166250000016,0.5
2024-05-15,35.702152,34.6037,35.34471125000002,0.5
2024-05-16,36.822906,34.76135,35.70215041666668,0.5
2024-05-17,36.98382,35.525356,36.82290666666668,0.5
2024-05-18,32.894913,34.77489,36.98382125000003,0.5
2024-05-19,32.386005,31.017467,32.89491416666669,0.5
2024-05-20,31.934135,32.346485,32.386006250000015,0.5
2024-05-21,29.265696,32.23314,31.934135833333357,0.5
2024-05-22,31.434576,29.715788,29.265695833333364,0.5
2024-05-23,32.613342,32.594143,31.43457708333335,0.5
2024-05-24,32.309364,32.35725,32.613341666666685,0.5
2024-05-25,29.403177,31.471539,32.30936500000002,0.5
2024-05-26,28.817392,28.052567,29.403177083333357,0.5
2024-05-27,28.83877,28.224062,28.81739166666669,0.5
2024-05-28,30.091314,29.542608,28.838770416666687,0.5
2024-05-29,30.822802,29.78811,30.09131375000003,0.5
2024-05-30,31.832699,30.452381,30.82280291666669,0.5
2024-05-31,31.239477,31.770065,31.83269791666669,0.5
2024-06-01,30.184572,30.023233,31.239475416666693,0.5
2024-06-02,29.49827,29.547487,30.184572083333347,0.5
2024-06-03,30.018223,29.771206,29.49827083333336,0.5
2024-06-04,30.46338,30.4904,30.01822208333336,0.5
2024-06-05,30.779673,30.656025,30.46338041666669,0.5
2024-06-06,29.753351,30.49239,30.779670833333352,0.5
2024-06-07,29.517529,29.80426,29.753350833333354,0.5
2024-06-08,30.782433,29.745867,29.517528750000025,0.5
2024-06-09,31.80183,30.857565,30.782431666666692,0.5
2024-06-10,32.622746,31.207462,31.801829166666693,0.5
2024-06-11,31.00195,31.68725,32.62274458333335,0.5
2024-06-12,29.634815,30.764332,31.001949583333353,0.5
2024-06-13,28.939804,29.546095,29.634814583333355,0.5
2024-06-14,28.67887,29.342,28.939805000000018,0.5
2024-06-15,29.459038,29.038061,28.678868750000024,0.5
2024-06-16,30.609743,29.915146,29.459038333333357,0.5
2024-06-17,30.802576,30.418364,30.609743333333356,0.5
2024-06-18,30.500189,30.558237,30.80257708333336,0.5
2024-06-19,31.026981,30.403706,30.500188750000024,0.5
2024-06-20,31.396511,30.684477,31.02698166666669,0.5
2024-06-21,31.283434,30.973166,31.396511666666697,0.5
2024-06-22,33.49574,30.908195,31.283433333333353,0.5
2024-06-23,32.864502,32.313084,33.49573958333335,0.5
2024-06-24,32.67827,31.7061,32.86450083333336,0.5
2024-06-25,31.36903,31.75636,32.678268333333364,0.5
2024-06-26,29.299236,30.793299,31.369030416666693,0.5
2024-06-27,30.794724,29.526323,29.299234166666697,0.5
2024-06-28,31.065487,30.548922,30.79472166666669,0.5
2024-06-29,31.583326,30.672808,31.06548666666669,0.5
2024-06-30,31.092234,30.854713,31.583326666666693,0.5
2024-07-01,30.40954,30.516417,31.092233333333358,0.5
2024-07-02,28.821232,30.20409,30.409540833333352,0.5
2024-07-03,31.01565,29.293371,28.82122958333336,0.5
2024-07-04,30.73546,31.019068,31.015650833333357,0.5
2024-07-05,31.501488,30.46065,30.735459583333352,0.5
2024-07-06,32.57453,31.228592,31.50148583333335,0.5
2024-07-07,32.654243,31.791164,32.57453250000002,0.5
2024-07-08,32.13036,31.654655,32.65424458333336,0.5
2024-07-09,32.15484,31.509516,32.13035875000003,0.5
2024-07-10,30.672354,31.224274,32.154840416666694,0.5
2024-07-11,28.153952,30.382025,30.672352916666693,0.5
2024-07-12,30.427473,28.427826,28.153952916666693,0.5
2024-07-13,31.940376,30.552307,30.42747250000002,0.5
2024-07-14,32.192028,31.141827,31.940376666666683,0.5
2024-07-15,31.795977,31.25347,32.19202500000002,0.5
2024-07-16,32.598667,31.263124,31.795975416666682,0.5
2024-07-17,32.653908,31.880526,32.598665416666684,0.5
2024-07-18,31.795668,31.69271,32.653908333333355,0.5
2024-07-19,31.22082,31.331226,31.795667500000025,0.5
2024-07-20,30.747696,30.836977,31.22081833333336,0.5
2024-07-21,29.704977,30.36388,30.747694583333356,0.5
2024-07-22,29.154118,29.391413,29.704977500000027,0.5
2024-07-23,30.323341,29.311983,29.154117500000023,0.5
2024-07-24,30.83067,30.467234,30.32334000000002,0.5
2024-07-25,31.053053,30.493467,30.83066958333335,0.5
2024-07-26,30.427732,30.601927,31.053052083333352,0.5
2024-07-27,30.92743,30.217985,30.427730833333356,0.5
2024-07-28,30.6159,30.972473,30.927428333333363,0.5
2024-07-29,29.471842,30.080826,30.61589916666669,0.5
2024-07-30,28.943605,29.415844,29.471842500000022,0.5
2024-07-31,27.344559,29.311613,28.94360500000002,0.5
2024-08-01,28.417248,27.912666,27.344558750000022,0.5
2024-08-02,28.397524,29.275341,28.417246250000023,0.5
2024-08-03,28.764254,28.578798,28.397523750000023,0.5
2024-08-04,29.738432,29.109816,28.76425208333335,0.5
2024-08-05,29.624529,29.647532,29.738432500000027,0.5
2024-08-06,30.308144,29.521029,29.624528750000025,0.5
2024-08-07,29.440172,29.924475,30.30814333333335,0.5
2024-08-08,28.9251,29.050968,29.440170833333354,0.5
2024-08-09,31.07767,28.723621,28.925099166666694,0.5
2024-08-10,31.335737,30.80155,31.077670416666688,0.5
2024-08-11,30.74424,30.432335,31.335735416666683,0.5
2024-08-12,27.800426,29.740757,30.744239583333353,0.5
2024-08-13,28.974401,28.205917,27.800425833333353,0.5
2024-08-14,28.34832,29.407019,28.974400833333352,0.5
2024-08-15,28.023827,28.646902,28.348319583333353,0.5
2024-08-16,28.107439,28.44532,28.023826250000024,0.5
2024-08-17,29.188627,28.327887,28.107438750000025,0.5
2024-08-18,29.223972,28.957502,29.188627916666686,0.5
2024-08-19,28.522512,29.24378,29.223971250000023,0.5
2024-08-20,29.260843,28.580038,28.52251083333336,0.5
2024-08-21,29.357529,28.968426,29.260841666666693,0.5
2024-08-22,29.359886,29.179577,29.357528750000025,0.5
2024-08-23,27.12122,28.975433,29.35988625000002,0.5
2024-08-24,27.957792,27.848917,27.12121833333335,0.5
2024-08-25,28.789183,28.480639,27.957793333333353,0.5
2024-08-26,29.831367,28.977676,28.78918083333335,0.5
2024-08-27,29.150578,29.57379,29.831365000000023,0.5
2024-08-28,29.832058,29.245426,29.150577500000015,0.5
2024-08-29,28.932049,30.241238,29.832057083333353,0.5
2024-08-30,29.895681,29.198029,28.932048750000032,0.5
2024-08-31,29.48148,29.670359,29.895680833333348,0.5
2024-09-01,28.957056,29.571295,29.481478333333353,0.5
2024-09-02,29.828074,29.31381,28.95705458333336,0.5
2024-09-03,30.819164,29.651674,29.828072916666695,0.5
2024-09-04,30.111954,30.154276,30.81916375000002,0.5
2024-09-05,30.230623,29.572258,30.111951666666688,0.5
2024-09-06,30.028402,29.955072,30.23062166666669,0.5
2024-09-07,30.732174,30.190315,30.028402500000027,0.5
2024-09-08,30.199057,30.270372,30.73217333333335,0.5
2024-09-09,29.379004,29.80938,30.19905583333335,0.5
2024-09-10,27.28655,29.164026,29.379002083333358,0.5
2024-09-11,27.109102,28.04316,27.286549583333358,0.5
2024-09-12,27.331915,27.715057,27.109102500000024,0.5
2024-09-13,27.00536,28.172552,27.33191416666669,0.5
2024-09-14,28.156704,28.091326,27.005358750000017,0.5
2024-09-15,28.520887,28.719076,28.156702500000023,0.5
2024-09-16,29.661367,28.618242,28.520888333333357,0.5
2024-09-17,29.993698,29.64041,29.66136666666669,0.5
2024-09-18,30.264202,29.189432,29.993697500000014,0.5
2024-09-19,30.603058,29.925646,30.264201250000024,0.5
2024-09-20,30.703749,30.365164,30.603059166666686,0.5
2024-09-21,29.715702,29.940308,30.70374708333335,0.5
2024-09-22,30.533895,29.185802,29.715701250000023,0.5
2024-09-23,28.685865,29.629934,30.533895416666695,0.5
2024-09-24,27.774818,28.647135,28.68586541666669,0.5
2024-09-25,28.414587,28.238373,27.77481833333336,0.5
2024-09-26,29.139574,28.792751,28.414586666666697,0.5
2024-09-27,28.480137,29.04178,29.13957416666669,0.5
2024-09-28,29.69875,28.679064,28.48013500000002,0.5
2024-09-29,30.509874,29.42429,29.698749166666687,0.5
2024-09-30,30.209412,29.786303,30.50987416666669,0.5
2024-10-01,27.071373,28.485325,30.209409166666692,0.5
2024-10-02,27.714676,28.266808,27.071372083333358,0.5
2024-10-03,28.484337,28.3397,27.714675833333356,0.5
2024-10-04,28.661627,28.328655,28.484335416666692,0.5
2024-10-05,29.405334,28.375885,28.661625833333357,0.5
2024-10-06,30.140757,28.860628,29.405333333333356,0.5
2024-10-07,29.69712,29.618511,30.140756666666686,0.5
2024-10-08,28.457794,28.898521,29.69712083333336,0.5
2024-10-09,28.861856,28.446651,28.457795000000022,0.5
2024-10-10,28.537628,28.134996,28.86185500000002,0.5
2024-10-11,28.940458,28.2035,28.53762708333336,0.5
2024-10-12,29.754044,28.71182,28.940458333333353,0.5
2024-10-13,29.22467,28.827776,29.75404291666669,0.5
2024-10-14,28.94313,29.225159,29.224671250000018,0.5
2024-10-15,29.4271,28.920153,28.94312958333336,0.5
2024-10-16,28.045877,28.59813,29.427099583333348,0.5
2024-10-17,27.982439,28.043173,28.045878333333352,0.5
2024-10-18,28.526222,28.302942,27.982438333333352,0.5
2024-10-19,28.388346,28.651436,28.526222083333355,0.5
2024-10-20,28.726143,28.350632,28.388345833333357,0.5
2024-10-21,27.728125,28.166735,28.726142500000023,0.5
2024-10-22,28.616133,27.38549,27.728123333333357,0.5
2024-10-23,26.946661,27.701075,28.616131250000024,0.5
2024-10-24,26.842491,26.930925,26.946660416666692,0.5
2024-10-25,27.748144,27.34996,26.842491250000027,0.5
2024-10-26,27.676294,27.884438,27.748142916666684,0.5
2024-10-27,28.344954,27.735493,27.67629458333336,0.5
2024-10-28,28.680407,28.102343,28.344954166666696,0.5
2024-10-29,28.83435,28.64816,28.680406666666688,0.5
2024-10-30,29.254343,28.39238,28.834349166666687,0.5
2024-10-31,28.57537,28.658993,29.254342083333356,0.5
2024-11-01,28.209562,28.240395,28.575368750000024,0.5
2024-11-02,28.7081,27.780527,28.209560416666687,0.5
2024-11-03,28.802483,28.344679,28.70809791666669,0.5
2024-11-04,28.955416,28.330297,28.802481250000017,0.5
2024-11-05,28.150738,28.54054,28.955416250000024,0.5
2024-11-06,24.564104,27.276747,28.150735833333357,0.5
2024-11-07,23.035233,24.542103,24.564104583333357,0.5
2024-11-08,23.478292,24.250633,23.035231666666686,0.5
2024-11-09,24.655794,24.707151,23.478292916666685,0.5
2024-11-10,25.308926,25.306059,24.655795000000026,0.5
2024-11-11,26.931967,25.575367,25.308924166666696,0.5
2024-11-12,26.989408,26.835001,26.931966666666693,0.5
2024-11-13,26.970509,26.688961,26.98940958333336,0.5
2024-11-14,26.092777,26.690388,26.97050666666669,0.5
2024-11-15,25.21571,25.902647,26.09277875000002,0.5
2024-11-16,24.523794,25.446571,25.215708333333357,0.5
2024-11-17,24.489037,24.841892,24.523793333333362,0.5
2024-11-18,25.330713,24.793545,24.48903541666669,0.5
2024-11-19,25.344963,25.318605,25.330714166666684,0.5
2024-11-20,26.107746,25.229008,25.34496250000002,0.5
2024-11-21,25.287699,25.837318,26.107746666666696,0.5
2024-11-22,24.916945,24.906273,25.28769750000002,0.5
2024-11-23,24.461367,24.897856,24.91694541666669,0.5
2024-11-24,23.985332,24.507563,24.46136583333336,0.5
2024-11-25,23.941038,24.23326,23.985332500000023,0.5
2024-11-26,23.714895,24.109694,23.941039166666695,0.5
2024-11-27,23.580982,23.914087,23.714895000000027,0.5
2024-11-28,24.093721,23.721176,23.580981250000022,0.5
2024-11-29,24.511621,24.105453,24.093720833333354,0.5
2024-11-30,24.7997,24.656065,24.511620416666688,0.5
2024-12-01,24.248554,24.885895,24.799699583333354,0.5
2024-12-02,24.419746,24.279375,24.248552916666682,0.5
2024-12-03,25.05202,24.332127,24.41974541666669,0.5
2024-12-04,24.71958,24.837368,25.052019166666685,0.5
2024-12-05,23.747662,24.464493,24.71957916666669,0.5
2024-12-06,22.759748,23.559612,23.74766041666669,0.5
2024-12-07,22.458277,22.735144,22.759747083333355,0.5
2024-12-08,23.120863,22.417006,22.458276250000026,0.5
2024-12-09,22.842354,23.238111,23.120864166666696,0.5
2024-12-10,23.111145,23.024363,22.842354166666695,0.5
2024-12-11,22.564598,23.2979,23.111145000000025,0.5
2024-12-12,22.308964,22.478672,22.564598750000016,0.5
2024-12-13,22.346504,22.527203,22.308964583333363,0.5
2024-12-14,22.584648,22.53515,22.34650375000003,0.5
2024-12-15,22.407776,22.535803,22.584646666666686,0.5
2024-12-16,22.81601,22.289824,22.407777083333354,0.5
2024-12-17,22.568184,22.84215,22.816007916666692,0.5
2024-12-18,23.092613,22.54935,22.5681829166667,0.5
2024-12-19,22.861555,22.988066,23.09261333333335,0.5
2024-12-20,22.063145,22.78617,22.86155458333336,0.5
2024-12-21,22.296986,22.264748,22.06314500000002,0.5
2024-12-22,21.883783,22.36425,22.296985833333355,0.5
2024-12-23,21.325197,21.913593,21.88378166666669,0.5
2024-12-24,21.851513,21.677,21.325197916666692,0.5
2024-12-25,22.22791,22.165398,21.851512500000023,0.5
2024-12-26,22.4443,22.092487,22.227908750000022,0.5
2024-12-27,22.216684,22.284946,22.44429958333335,0.5
2024-12-28,22.867996,22.177034,22.216684166666692,0.5
2024-12-29,22.63584,22.906757,22.86799500000002,0.5
2024-12-30,23.347937,22.658175,22.63583916666669,0.5
2024-12-31,22.447416,23.231226,23.347935000000025,0.5
2025-01-01,21.856611,22.327763,22.447415833333356,0.5
2025-01-02,21.925228,22.17926,21.856609583333356,0.5
2025-01-03,22.348145,21.924335,21.92522791666669,0.5
2025-01-04,21.935858,22.411839,22.348145416666682,0.5
2025-01-05,22.841421,22.119482,21.9358591666667,0.5
2025-01-06,22.21399,22.717495,22.84141958333336,0.5
2025-01-07,22.81302,22.407444,22.213989166666682,0.5
2025-01-08,22.361654,22.64163,22.813020000000023,0.5
2025-01-09,21.714596,21.972765,22.361654583333358,0.5
2025-01-10,21.64856,21.91342,21.714597083333356,0.5
2025-01-11,22.15646,21.845663,21.64856000000002,0.5
2025-01-12,21.753973,22.221355,22.15646041666669,0.5
2025-01-13,21.696297,22.092136,21.75397458333336,0.5
2025-01-14,22.010538,22.073149,21.69629791666669,0.5
2025-01-15,21.848314,21.924536,22.01053791666668,0.5
2025-01-16,21.914896,22.075352,21.848313333333355,0.5
2025-01-17,20.94798,22.262623,21.914897500000023,0.5
2025-01-18,21.279757,21.328249,20.94798041666669,0.5
2025-01-19,20.9644,21.742579,21.27975583333335,0.5
2025-01-20,22.096869,21.507895,20.96439958333336,0.5
2025-01-21,22.317526,22.492273,22.09686750000002,0.5
2025-01-22,22.39006,22.314865,22.317525416666683,0.5
2025-01-23,23.168869,22.523422,22.390060833333354,0.5
2025-01-24,23.397614,23.19718,23.168868750000026,0.5
2025-01-25,22.253069,23.341309,23.39761416666669,0.5
2025-01-26,22.337965,22.43366,22.253069166666688,0.5
2025-01-27,23.017105,22.732758,22.337963750000025,0.5
2025-01-28,23.191757,23.094263,23.017102916666687,0.5
2025-01-29,21.970964,22.65612,23.191755416666684,0.5
2025-01-30,21.983353,22.102997,21.970964166666686,0.5
2025-01-31,21.700878,22.08199,21.98335166666669,0.5
2025-02-01,22.049158,21.922953,21.700878333333353,0.5
2025-02-02,22.214823,22.778502,22.049158333333356,0.5
2025-02-03,21.971521,22.691292,22.21482291666669,0.5
2025-02-04,22.076714,22.5135,21.971521250000023,0.5
2025-02-05,24.192379,22.879477,22.076713333333355,0.5
2025-02-06,23.374058,24.528229,24.192379166666683,0.5
2025-02-07,23.491175,23.490553,23.37405708333336,0.5
2025-02-08,24.507332,23.911177,23.49117375000003,0.5
2025-02-09,25.079689,24.7428,24.50733125000002,0.5
2025-02-10,24.542301,24.604185,25.079690416666693,0.5
2025-02-11,23.608938,24.307674,24.54230208333335,0.5
2025-02-12,23.084951,23.840017,23.60894000000002,0.5
2025-02-13,25.340765,23.390223,23.084951666666694,0.5
2025-02-14,26.099676,25.191704,25.34076583333336,0.5
2025-02-15,24.403343,25.648924,26.099674166666684,0.5
2025-02-16,23.905127,24.789396,24.40334208333336,0.5
2025-02-17,22.883766,24.182032,23.90512750000002,0.5
2025-02-18,23.517418,23.168434,22.88376625000002,0.5
2025-02-19,24.21287,24.232695,23.51741666666669,0.5
2025-02-20,24.249378,24.786367,24.21286916666669,0.5
2025-02-21,24.730682,24.831879,24.249378333333354,0.5
2025-02-22,24.542742,25.332006,24.730682500000025,0.5
2025-02-23,25.216396,24.932194,24.542742083333355,0.5
2025-02-24,25.500143,25.718746,25.21639541666669,0.5
2025-02-25,26.143637,25.906994,25.500144166666686,0.5
2025-02-26,25.209248,26.362877,26.14363666666669,0.5
2025-02-27,25.24762,25.764414,25.209246666666687,0.5
2025-02-28,25.495491,25.788868,25.247618750000026,0.5
2025-03-01,25.853073,25.806976,25.495491250000033,0.5
2025-03-02,27.930426,26.470695,25.853074166666698,0.5
2025-03-03,27.474926,27.809841,27.93042625000002,0.5
2025-03-04,26.644283,27.427969,27.474924166666682,0.5
2025-03-05,25.981112,27.217953,26.644283750000017,0.5
2025-03-06,26.312859,26.576706,25.981110416666695,0.5
2025-03-07,27.391798,26.795647,26.312858333333352,0.5
2025-03-08,27.216713,27.518272,27.39179791666669,0.5
2025-03-09,26.149351,27.082859,27.216712083333352,0.5
2025-03-10,26.220633,26.652838,26.149349583333358,0.5
2025-03-11,26.896835,26.936323,26.220632083333356,0.5
2025-03-12,27.194828,27.411976,26.896835833333352,0.5
2025-03-13,27.75189,27.897547,27.194827500000013,0.5
2025-03-14,29.852888,28.130718,27.751889583333355,0.5
2025-03-15,29.62832,29.607609,29.852887916666692,0.5
2025-03-16,30.72815,29.445353,29.628321250000027,0.5
2025-03-17,31.888952,30.344036,30.728150000000017,0.5
2025-03-18,31.995398,30.816528,31.888953333333358,0.5
2025-03-19,31.645555,30.514559,31.995398333333355,0.5
2025-03-20,30.630861,30.691496,31.64555500000002,0.5
2025-03-21,30.183258,30.036375,30.630859583333358,0.5
2025-03-22,30.309505,29.372417,30.183256666666693,0.5
2025-03-23,29.388348,29.785479,30.309504166666684,0.5
2025-03-24,28.662985,29.268604,29.388347500000023,0.5
2025-03-25,28.153397,28.872793,28.662985000000024,0.5
2025-03-26,28.781296,28.712658,28.153397500000022,0.5
2025-03-27,29.869846,29.306269,28.781294583333352,0.5
2025-03-28,29.89376,30.228813,29.86984666666669,0.5
2025-03-29,31.48562,30.017294,29.893761250000026,0.5
2025-03-30,32.040413,31.1632,31.48561958333336,0.5
2025-03-31,32.326485,31.293903,32.04041291666669,0.5
2025-04-01,32.30884,31.686718,32.32648541666669,0.5
2025-04-02,32.309597,31.261703,32.30884291666669,0.5
2025-04-03,33.103516,31.887495,32.309597500000024,0.5
2025-04-04,32.340515,32.46072,33.10351625000002,0.5
2025-04-05,32.21087,32.11152,32.34051291666669,0.5
2025-04-06,30.512642,31.339657,32.21087000000002,0.5
2025-04-07,30.16562,30.118551,30.512640416666688,0.5
2025-04-08,30.605122,29.507557,30.165618750000018,0.5
2025-04-09,29.31046,30.517687,30.605120000000024,0.5
2025-04-10,29.368622,29.719187,29.310458750000027,0.5
2025-04-11,30.582943,29.809332,29.368621250000018,0.5
2025-04-12,30.91833,30.705996,30.582943750000023,0.5
2025-04-13,29.91842,30.41165,30.91832708333335,0.5
2025-04-14,30.044146,29.897379,29.918421250000026,0.5
2025-04-15,27.672081,29.162008,30.044144166666687,0.5
2025-04-16,28.955141,28.48639,27.672081250000023,0.5
2025-04-17,29.306894,29.617922,28.955142083333353,0.5
2025-04-18,29.176588,29.814571,29.30689333333335,0.5
2025-04-19,29.155907,29.712889,29.17658875000002,0.5
2025-04-20,30.61671,29.777594,29.15590625000002,0.5
2025-04-21,31.41204,31.000914,30.616710000000026,0.5
2025-04-22,33.143486,31.428488,31.412039166666684,0.5
2025-04-23,33.593475,32.716133,33.14348583333336,0.5
2025-04-24,33.365868,33.101284,33.593476250000016,0.5
2025-04-25,33.399742,32.989388,33.365868750000025,0.5
2025-04-26,33.93064,33.144493,33.39974166666669,0.5
2025-04-27,33.17742,33.45726,33.93064208333335,0.5
2025-04-28,32.58413,32.789673,33.17741875000002,0.5
2025-04-29,28.786566,32.483513,32.584128750000026,0.5
2025-04-30,26.907814,28.02751,28.78656541666669,0.5
2025-05-01,26.790234,27.788342,26.907814166666686,0.5
2025-05-02,26.406416,28.266312,26.79023333333335,0.5
2025-05-03,28.141243,28.261154,26.40641583333335,0.5
2025-05-04,28.074419,28.930998,28.141243333333353,0.5
2025-05-05,30.147562,29.087557,28.07441916666669,0.5
2025-05-06,30.97467,30.775217,30.14756083333336,0.5
2025-05-07,31.82936,31.05311,30.974668750000024,0.5
2025-05-08,30.841179,31.426027,31.829359583333357,0.5
2025-05-09,32.115253,31.157883,30.841177083333353,0.5
2025-05-10,32.19669,31.967617,32.11525250000002,0.5
2025-05-11,31.57978,31.663721,32.196687500000024,0.5
2025-05-12,29.748716,31.14223,31.57978083333335,0.5
2025-05-13,29.643152,28.750679,29.748716666666684,0.5
2025-05-14,30.001963,29.087837,29.64315041666669,0.5
2025-05-15,29.842981,29.981853,30.00196250000003,0.5
2025-05-16,29.886143,29.64682,29.842980833333357,0.5
2025-05-17,28.350554,29.752779,29.88614125000002,0.5
2025-05-18,28.126768,28.701372,28.35055250000002,0.5
2025-05-19,29.377008,28.389019,28.126767083333352,0.5
2025-05-20,30.706278,30.105427,29.37700750000002,0.5
2025-05-21,28.969667,29.895687,30.706275833333354,0.5
2025-05-22,29.528206,28.5669,28.969665833333355,0.5
2025-05-23,29.64376,29.352644,29.528206666666694,0.5
2025-05-24,28.647568,29.705223,29.64376041666669,0.5
2025-05-25,27.935513,28.378775,28.647568333333357,0.5
2025-05-26,27.409773,28.092817,27.935512500000026,0.5
2025-05-27,27.368385,28.322044,27.40977166666669,0.5
2025-05-28,28.202438,27.633755,27.36838583333336,0.5
2025-05-29,28.593588,28.25323,28.202437916666696,0.5
2025-05-30,28.618015,28.223675,28.593586666666692,0.5
2025-05-31,28.19693,28.354427,28.61801375000002,0.5
2025-06-01,29.09261,28.125916,28.196928333333357,0.5
2025-06-02,27.212908,28.815315,29.09260916666669,0.5
2025-06-03,28.145287,27.486202,27.212905833333355,0.5
2025-06-04,29.384222,29.218494,28.145284583333353,0.5
2025-06-05,29.891308,29.595554,29.38422250000001,0.5
2025-06-06,30.599764,29.633625,29.89130583333335,0.5
2025-06-07,31.006538,30.67761,30.59976291666669,0.5
2025-06-08,30.348486,30.60757,31.00653833333335,0.5
2025-06-09,29.64434,29.787775,30.348485416666687,0.5
2025-06-10,28.746157,29.34418,29.644339583333362,0.5
2025-06-11,27.676388,28.245773,28.74615750000002,0.5
2025-06-12,28.362055,28.057718,27.67638666666669,0.5
2025-06-13,29.469078,29.108173,28.362053750000026,0.5
2025-06-14,29.769365,29.159382,29.469078333333357,0.5
2025-06-15,29.713388,29.359379,29.76936625000002,0.5
2025-06-16,28.88802,29.310448,29.713388750000025,0.5
2025-06-17,28.847164,28.607845,28.888018750000015,0.5
2025-06-18,28.9039,28.52738,28.847163333333356,0.5
2025-06-19,29.542435,28.796429,28.90389875000002,0.5
2025-06-20,29.2627,29.35769,29.542432916666684,0.5
2025-06-21,29.989223,28.93107,29.26269750000002,0.5
2025-06-22,30.2399,29.617805,29.98922375000002,0.5
2025-06-23,29.635134,29.763542,30.239900000000024,0.5
2025-06-24,29.828121,29.570412,29.63513500000002,0.5
2025-06-25,29.521925,29.685232,29.82812041666669,0.5
2025-06-26,29.255466,29.347725,29.521924583333355,0.5
2025-06-27,29.236141,29.18312,29.255465416666684,0.5
2025-06-28,29.146442,29.431349,29.236140000000024,0.5
2025-06-29,29.347116,29.277622,29.14644208333336,0.5
2025-06-30,29.763792,29.478226,29.347114583333354,0.5
2025-07-01,29.267202,29.757936,29.763791666666688,0.5
2025-07-02,29.137787,29.33525,29.267202083333355,0.5
2025-07-03,28.455044,29.389349,29.137787083333354,0.5
2025-07-04,29.371408,28.927454,28.455042500000022,0.5
2025-07-05,29.090727,29.626637,29.371407083333356,0.5
2025-07-06,29.091711,29.363554,29.09072708333336,0.5
2025-07-07,28.199839,29.280478,29.09171041666669,0.5
2025-07-08,28.695515,28.369352,28.199838750000026,0.5
2025-07-09,28.349894,28.670097,28.69551375000002,0.5
2025-07-10,28.602926,28.953493,28.349892916666693,0.5
2025-07-11,29.664473,28.888292,28.602925000000024,0.5
2025-07-12,28.41595,29.78425,29.664472083333354,0.5
2025-07-13,28.872866,28.761274,28.415952083333355,0.5
2025-07-14,29.331312,29.08685,28.87286500000002,0.5
2025-07-15,29.486244,29.387121,29.33131291666669,0.5
2025-07-16,27.145267,29.206598,29.486242083333355,0.5
2025-07-17,27.838356,28.12808,27.145267916666693,0.5
2025-07-18,28.305004,28.559505,27.838357083333353,0.5
2025-07-19,29.397106,28.847397,28.305002916666695,0.5
2025-07-20,30.105017,29.52248,29.397104583333356,0.5
2025-07-21,29.904404,29.998184,30.105015833333354,0.5
2025-07-22,30.154755,29.690973,29.904402916666694,0.5
2025-07-23,27.781204,29.893454,30.15475416666668,0.5
2025-07-24,28.544851,28.14807,27.781205416666683,0.5
2025-07-25,28.882978,28.31291,28.544851250000022,0.5
2025-07-26,28.986275,28.994804,28.882978750000024,0.5
2025-07-27,27.34692,28.801983,28.98627291666668,0.5
2025-07-28,27.115665,27.842657,27.346920833333357,0.5
2025-07-29,27.553606,28.02904,27.11566541666669,0.5
2025-07-30,28.77036,28.165628,27.553604583333353,0.5
2025-07-31,28.872545,28.583172,28.77035958333336,0.5
2025-08-01,29.723925,28.603045,28.87254500000002,0.5
2025-08-02,28.79717,29.362593,29.723924166666688,0.5
2025-08-03,29.704063,28.51322,28.797170416666688,0.5
2025-08-04,29.708027,29.090088,29.70406333333335,0.5
2025-08-05,29.996407,29.31436,29.708025000000024,0.5
2025-08-06,28.160233,29.340593,29.99640750000003,0.5
2025-08-07,28.149593,28.155704,28.160232916666683,0.5
2025-08-08,28.602547,28.267645,28.14959166666669,0.5
2025-08-09,29.682507,29.045454,28.602546666666694,0.5
2025-08-10,30.123554,29.498022,29.682504583333355,0.5
2025-08-11,30.65467,29.642048,30.123552916666693,0.5
2025-08-12,29.773125,30.061422,30.654670000000028,0.5
2025-08-13,30.012695,29.583668,29.773123750000025,0.5
2025-08-14,28.997074,29.666538,30.012694583333353,0.5
2025-08-15,29.52816,29.099604,28.997072500000026,0.5
2025-08-16,28.09722,28.988089,29.52815833333335,0.5
2025-08-17,28.89387,28.37035,28.097220416666687,0.5
2025-08-18,28.954329,29.051222,28.893867916666693,0.5
2025-08-19,29.059072,29.20107,28.95432708333335,0.5
2025-08-20,29.073244,29.106647,29.059071666666693,0.5
2025-08-21,29.167814,28.977446,29.07324458333336,0.5
2025-08-22,29.298046,29.046337,29.167813750000022,0.5
2025-08-23,29.25357,29.146786,29.298045416666685,0.5
2025-08-24,28.926273,29.24558,29.25357000000003,0.5
2025-08-25,29.298058,29.161718,28.92627166666669,0.5
2025-08-26,28.812887,29.642336,29.29805541666669,0.5
2025-08-27,27.460299,28.68608,28.81288750000002,0.5
2025-08-28,26.88339,28.219883,27.46029916666669,0.5
2025-08-29,27.307594,27.944069,26.88339041666669,0.5
2025-08-30,29.273788,28.675743,27.307593333333354,0.5
2025-08-31,29.978558,29.744606,29.273787500000026,0.5
2025-09-01,30.062876,29.488726,29.978558333333364,0.5
2025-09-02,29.281384,29.517414,30.06287416666669,0.5
2025-09-03,29.223305,29.370398,29.281383750000018,0.5
2025-09-04,30.021423,29.299545,29.223302916666693,0.5
2025-09-05,30.769636,29.936344,30.021423750000025,0.5
2025-09-06,30.282452,30.156717,30.769636250000023,0.5
2025-09-07,29.698624,29.454645,30.282452916666696,0.5
2025-09-08,30.001518,29.55951,29.698623750000024,0.5
2025-09-09,29.84134,29.647327,30.00151875000002,0.5
2025-09-10,29.554384,29.10833,29.841338333333358,0.5
2025-09-11,28.974289,29.404413,29.554382916666686,0.5
2025-09-12,29.52182,29.128788,28.97428750000002,0.5
2025-09-13,28.569763,29.43228,29.521818333333357,0.5
2025-09-14,27.34916,28.509407,28.569762500000024,0.5
2025-09-15,27.655083,27.936275,27.34915916666669,0.5
2025-09-16,28.851334,28.434093,27.655082083333355,0.5
2025-09-17,29.566666,28.896591,28.851332083333357,0.5
2025-09-18,29.509863,29.321812,29.56666500000003,0.5
2025-09-19,29.35147,29.319143,29.509862083333356,0.5
2025-09-20,29.871983,29.374168,29.351469166666693,0.5
2025-09-21,28.68154,29.580654,29.871980416666688,0.5
2025-09-22,29.076595,28.700323,28.681538750000026,0.5
2025-09-23,29.02612,29.150536,29.076595833333357,0.5
2025-09-24,28.027376,29.284483,29.026118750000023,0.5
2025-09-25,28.466051,28.483147,28.02737458333335,0.5
2025-09-26,28.677279,28.714748,28.466050000000024,0.5
2025-09-27,28.1624,28.447485,28.67727666666669,0.5
2025-09-28,29.144604,28.503458,28.162398750000023,0.5
2025-09-29,30.317303,29.335762,29.144602083333353,0.5
2025-09-30,26.925686,29.08271,30.317301250000025,0.5
2025-10-01,27.624725,27.317776,26.925685416666692,0.5
2025-10-02,27.824774,27.754671,27.62472541666669,0.5
2025-10-03,29.02422,28.340202,27.824773333333354,0.5
2025-10-04,28.716908,29.18006,29.024218750000028,0.5
2025-10-05,29.159895,28.404757,28.716905000000015,0.5
2025-10-06,28.497648,29.139833,29.159894166666692,0.5
2025-10-07,28.948664,28.583666,28.497647916666683,0.5
2025-10-08,28.847569,28.444695,28.948662500000022,0.5
2025-10-09,28.622969,28.68758,28.847568750000033,0.5
2025-10-10,28.66031,28.409643,28.622969583333354,0.5
2025-10-11,29.36101,28.347843,28.660308750000024,0.5
2025-10-12,29.534035,29.45596,29.36100916666669,0.5
2025-10-13,28.935823,29.557453,29.534034583333362,0.5
2025-10-14,28.846048,28.624792,28.935822500000018,0.5
2025-10-15,27.872604,28.412144,28.846047916666688,0.5
2025-10-16,27.190779,27.565044,27.872604166666687,0.5
2025-10-17,27.466928,27.473,27.190777500000024,0.5
2025-10-18,28.076319,27.706013,27.466928750000022,0.5
2025-10-19,28.14431,28.169403,28.076318333333358,0.5
2025-10-20,28.035463,28.128662,28.144310416666695,0.5
2025-10-21,28.822025,27.985014,28.03546291666669,0.5
2025-10-22,28.66718,28.647785,28.82202458333336,0.5
2025-10-23,28.756443,28.413605,28.66717958333336,0.5
2025-10-24,29.156904,28.591375,28.75644291666669,0.5
2025-10-25,29.044037,29.049114,29.156905000000023,0.5
2025-10-26,28.846457,28.819296,29.044037083333354,0.5
2025-10-27,28.855303,28.658058,28.846455833333355,0.5
2025-10-28,28.893665,28.47121,28.85530291666669,0.5
2025-10-29,29.344109,28.56363,28.893664166666685,0.5
2025-10-30,29.304165,28.697712,29.344109583333353,0.5
2025-10-31,29.993055,28.826452,29.304163750000026,0.5
2025-11-01,29.082355,29.074343,29.993055000000023,0.5
2025-11-02,28.230278,27.750645,29.082356666666684,0.5
2025-11-03,27.978107,27.640743,28.230276666666686,0.5
2025-11-04,27.423412,27.505178,27.978106666666694,0.5
2025-11-05,26.565521,26.560093,27.42341166666669,0.5
2025-11-06,27.471651,26.769066,26.565521250000018,0.5
2025-11-07,27.01937,27.39106,27.47165166666669,0.5
2025-11-08,27.669958,26.641846,27.019370000000023,0.5
2025-11-09,27.892872,27.463087,27.66995666666669,0.5
2025-11-10,26.834753,27.371592,27.892870833333358,0.5
2025-11-11,25.52812,26.842762,26.834753750000022,0.5
2025-11-12,25.573212,25.889494,25.52812041666669,0.5
2025-11-13,25.34819,25.672247,25.573210416666683,0.5
2025-11-14,24.92747,25.482359,25.34819083333336,0.5
2025-11-15,24.867422,25.14356,24.927469166666686,0.5
2025-11-16,24.9599,24.996586,24.86742166666669,0.5
2025-11-17,25.238895,25.013075,24.959898333333353,0.5
2025-11-18,25.651945,25.237263,25.238894166666686,0.5
2025-11-19,25.917439,25.57988,25.651946250000023,0.5
2025-11-20,26.226353,25.76546,25.917438333333354,0.5
2025-11-21,25.849607,25.962387,26.226353750000015,0.5
2025-11-22,25.639914,25.762774,25.849607083333357,0.5
2025-11-23,24.564611,25.704329,25.63991291666669,0.5
2025-11-24,24.536787,24.62696,24.56461083333335,0.5
2025-11-25,23.901009,24.652863,24.536787916666686,0.5
2025-11-26,23.171255,24.373089,23.901009166666693,0.5
2025-11-27,22.706022,23.323507,23.171253750000023,0.5
2025-11-28,21.480656,23.029007,22.706022916666694,0.5
2025-11-29,20.909153,22.124767,21.480654166666692,0.5
2025-11-30,20.627197,21.74721,20.909152500000022,0.5
2025-12-01,20.962105,21.440456,20.627197500000026,0.5
2025-12-02,21.477524,21.80927,20.96210625000002,0.5
2025-12-03,23.064735,22.162771,21.477522916666686,0.5
2025-12-04,22.814783,23.456215,23.064736250000024,0.5
2025-12-05,22.649872,22.988642,22.814784166666694,0.5
2025-12-06,22.560854,22.966324,22.649870833333356,0.5
2025-12-07,21.825693,22.920038,22.560852916666686,0.5
2025-12-08,21.92572,22.250553,21.825694583333355,0.5
2025-12-09,22.071642,22.37381,21.925719166666692,0.5
2025-12-10,21.746738,22.451397,22.07164000000002,0.5
2025-12-11,21.76809,22.075897,21.74673875000003,0.5
2025-12-12,22.19645,22.093378,21.768090416666695,0.5
2025-12-13,22.259604,22.379644,22.196449166666685,0.5
2025-12-14,22.304092,22.199587,22.259602500000025,0.5
2025-12-15,22.56739,22.362392,22.30409250000002,0.5
2025-12-16,21.619173,22.698566,22.567390416666694,0.5
2025-12-17,22.28975,21.839659,21.619172916666695,0.5
2025-12-18,21.983915,22.418457,22.289748333333353,0.5
2025-12-19,20.773472,22.17759,21.983914166666683,0.5
2025-12-20,20.875423,21.330824,20.77347208333336,0.5
2025-12-21,22.026503,21.288633,20.87542375000002,0.5
2025-12-22,21.47722,22.158148,22.02650208333336,0.5
2025-12-23,21.707542,21.817968,21.477220416666682,0.5
2025-12-24,21.585632,22.05492,21.70754166666669,0.5
2025-12-25,21.75079,21.75802,21.585633750000024,0.5
2025-12-26,21.303223,21.81437,21.750789583333358,0.5
2025-12-27,20.99612,21.435385,21.303223750000033,0.5
2025-12-28,21.1954,21.17934,20.99611958333335,0.5
2025-12-29,21.028427,21.43147,21.195400000000024,0.5
2025-12-30,21.28413,21.208784,21.02842875000002,0.5
2025-12-31,21.00832,21.450155,21.284129583333357,0.5
2026-01-01,20.828047,21.163254,21.00832041666669,0.5
2026-01-02,21.398348,21.142553,20.82804750000002,0.5
2026-01-03,22.217566,21.544052,21.398347916666694,0.5
2026-01-04,20.697351,22.032803,22.217564166666687,0.5
2026-01-05,19.943308,20.747837,20.697352083333357,0.5
2026-01-06,20.155022,20.356314,19.94330875000002,0.5
2026-01-07,20.097578,20.465582,20.155022916666685,0.5
2026-01-08,21.215706,20.593893,20.097577083333352,0.5
2026-01-09,20.821407,21.487394,21.215705000000018,0.5
2026-01-10,20.885353,21.135382,20.821408333333356,0.5
2026-01-11,21.891222,21.055742,20.885354166666687,0.5
2026-01-12,21.983507,22.108774,21.89122125000002,0.5
2026-01-13,21.009829,22.037025,21.98350666666669,0.5
2026-01-14,22.056011,21.350704,21.00982791666669,0.5
2026-01-15,22.562433,22.353724,22.05601041666669,0.5
2026-01-16,21.8799,22.67918,22.562431666666686,0.5
2026-01-17,21.421606,22.065569,21.87989916666669,0.5
2026-01-18,20.5912,21.574564,21.42160666666669,0.5
2026-01-19,20.796465,20.945364,20.591199583333356,0.5
2026-01-20,21.317568,21.30478,20.796465416666695,0.5
2026-01-21,21.447412,21.599627,21.317569583333356,0.5
2026-01-22,21.854563,21.730713,21.447412916666682,0.5
2026-01-23,22.031796,22.051228,21.854562500000025,0.5
2026-01-24,22.279142,22.185911,22.03179583333336,0.5
2026-01-25,22.331089,22.480936,22.27914125000002,0.5
2026-01-26,22.14184,22.735268,22.33108875000002,0.5
2026-01-27,22.112104,22.409075,22.141839166666696,0.5
2026-01-28,22.073338,22.324104,22.112104166666683,0.5
2026-01-29,22.880917,22.413687,22.073337083333353,0.5
2026-01-30,23.072767,22.955755,22.880915833333358,0.5
2026-01-31,22.420273,23.148699,23.07276708333335,0.5
2026-02-01,22.596485,22.620546,22.420271666666693,0.5
2026-02-02,22.469501,22.88761,22.59648500000002,0.5
2026-02-03,23.1484,22.77464,22.469499583333356,0.5
2026-02-04,23.568628,23.374233,23.148397916666692,0.5
2026-02-05,23.727013,23.81302,23.56862833333336,0.5
2026-02-06,22.99216,24.073565,23.72701250000002,0.5
2026-02-07,22.969707,23.260717,22.992160833333358,0.5
2026-02-08,23.697222,23.560286,22.96970708333336,0.5
2026-02-09,24.758614,24.194448,23.69722000000002,0.5
2026-02-10,25.458715,24.928581,24.758614583333355,0.5
2026-02-11,24.815226,25.262453,25.458715000000023,0.5
2026-02-12,23.570038,24.827332,24.81522416666669,0.5
2026-02-13,23.598364,23.704931,23.570037500000023,0.5
2026-02-14,23.896172,24.140814,23.598363333333356,0.5
2026-02-15,23.871445,24.227953,23.896171250000023,0.5
2026-02-16,23.221165,24.279114,23.871444583333357,0.5
2026-02-17,22.99185,23.703825,23.22116458333335,0.5
2026-02-18,24.301662,23.686827,22.99184958333336,0.5
2026-02-19,25.489326,24.667973,24.30166333333335,0.5
2026-02-20,27.105564,25.639893,25.489326250000023,0.5
2026-02-21,27.420586,27.132418,27.105562916666695,0.5
2026-02-22,27.014044,27.448143,27.42058583333336,0.5
2026-02-23,25.296898,26.877056,27.014043750000017,0.5
2026-02-24,26.94544,25.18132,25.296897500000018,0.5
2026-02-25,26.01169,26.631567,26.94544000000003,0.5
2026-02-26,25.71029,26.08642,26.011690416666692,0.5
2026-02-27,25.680702,26.427618,25.71029000000003,0.5
2026-02-28,25.362396,26.003904,25.680702083333358,0.5
2026-03-01,24.746517,25.58817,25.362397500000025,0.5
2026-03-02,25.985878,25.501997,24.746516250000024,0.5
2026-03-03,26.037258,26.356157,25.985877500000026,0.5
2026-03-04,25.899948,26.41085,26.03725791666669,0.5
2026-03-05,27.003841,26.635546,25.899949583333353,0.5
2026-03-06,28.934055,27.461569,27.003842083333353,0.5
2026-03-07,29.195963,28.638075,28.934056250000022,0.5
2026-03-08,28.08184,28.740517,29.195962083333356,0.5
2026-03-09,27.976706,27.82246,28.081840000000028,0.5
2026-03-10,28.99896,27.824734,27.976706250000017,0.5
2026-03-11,30.29443,28.820744,28.998958750000018,0.5
2026-03-12,29.302633,29.648638,30.294430000000023,0.5
2026-03-13,29.314924,28.91513,29.30263250000002,0.5
2026-03-14,30.04719,28.353876,29.314922500000023,0.5
2026-03-15,29.525234,29.5296,30.047189583333353,0.5
2026-03-16,28.691769,29.261309,29.525235000000023,0.5
2026-03-17,28.035055,28.936464,28.69176791666668,0.5
2026-03-18,28.812262,28.474821,28.035055416666694,0.5
2026-03-19,28.647907,28.978651,28.81226125000002,0.5
2026-03-20,28.866697,28.736156,28.647907916666686,0.5
2026-03-21,28.643202,29.05836,28.866697500000026,0.5
2026-03-22,28.295708,28.345802,28.64320041666669,0.5
2026-03-23,27.140072,28.793655,28.295707083333355,0.5
2026-03-24,28.409142,28.059248,27.140071250000023,0.5
2026-03-25,28.71254,29.365362,28.409140000000026,0.5
2026-03-26,28.944176,28.978313,28.712540416666684,0.5
2026-03-27,30.251339,29.58256,28.944174583333353,0.5
2026-03-28,30.988289,30.467087,30.25133750000002,0.5
2026-03-29,29.59485,30.13962,30.988287500000013,0.5
2026-03-30,30.492596,29.985727,29.594849166666695,0.5
2026-03-31,31.62913,30.691776,30.492595833333354,0.5
2026-04-01,31.716951,31.112368,31.629128750000024,0.5
2026-04-02,32.673817,31.219982,31.71695041666669,0.5
2026-04-03,32.5213,32.185894,32.673817083333354,0.5
2026-04-04,33.25501,31.947132,32.52129875000002,0.5
2026-04-05,33.21369,32.337532,33.25500833333336,0.5
2026-04-06,32.211346,32.085045,33.21369125000002,0.5
2026-04-07,29.39777,31.852997,32.211345833333354,0.5
2026-04-08,28.882885,29.294031,29.397767500000025,0.5
2026-04-09,29.446913,29.803328,28.882884583333354,0.5
2026-04-10,29.872782,29.118052,29.446911666666693,0.5
2026-04-11,28.697174,30.698149,29.872780833333355,0.5
2026-04-12,29.757353,29.821154,28.697173333333364,0.5
2026-04-13,30.409403,31.01011,29.757352500000025,0.5
2026-04-14,32.23961,30.992939,30.40940125000003,0.5
2026-04-15,33.238655,32.45313,32.23960916666669,0.5
2026-04-16,31.663174,32.83307,33.23865416666669,0.5
2026-04-17,32.983776,31.732399,31.663173750000027,0.5
2026-04-18,34.05455,33.005795,32.983778333333355,0.5
2026-04-19,33.38648,33.393734,34.05454958333336,0.5
2026-04-20,34.123283,32.790333,33.3864779166667,0.5
2026-04-21,34.61705,33.51071,34.12328125000002,0.5
2026-04-22,34.203865,33.783787,34.61705041666669,0.5
2026-04-23,32.7558,33.317707,34.20386416666668,0.5
2026-04-24,34.322063,32.26151,32.755797083333356,0.5
2026-04-25,32.1858,33.20109,34.32206458333335,0.5
2026-04-26,30.182962,31.401726,32.185798750000025,0.5
2026-04-27,30.203024,30.864664,30.182962916666693,0.5
2026-04-28,29.095224,30.967844,30.20302375000003,0.5
2026-04-29,28.719202,29.287647,29.095224166666693,0.5
2026-04-30,28.396206,29.60043,28.71920166666669,0.5
2026-05-01,28.82359,28.149986,28.3962054166667,0.5
2026-05-02,28.404514,28.920336,28.823588750000017,0.5
2026-05-03,29.168968,29.672556,28.40451333333336,0.5
2026-05-04,29.566486,29.63585,29.16896750000002,0.5
2026-05-05,30.501999,30.540022,29.566487500000022,0.5
2026-05-06,31.153961,30.754879,30.501998750000023,0.5
2026-05-07,30.026579,30.999836,31.15396041666669,0.5
2026-05-08,30.34327,30.057224,30.026577916666692,0.5
2026-05-09,29.338938,30.496298,30.34326875000002,0.5
2026-05-10,25.083813,29.455389,29.338935833333355,0.5
2026-05-11,24.888376,26.144125,25.08381083333336,0.5
2026-05-12,27.143904,27.753769,24.888377083333353,0.5
2026-05-13,29.77206,29.161135,27.143903333333355,0.5
2026-05-14,29.447414,30.331467,29.772061250000025,0.5
2026-05-15,29.9217,29.764816,29.44741291666669,0.5
2026-05-16,30.473122,30.27003,29.92169875000002,0.5
2026-05-17,31.088165,30.576221,30.473120000000023,0.5
2026-05-18,30.994965,31.363039,31.088163750000025,0.5
2026-05-19,31.061092,30.673313,30.994963750000025,0.5
2026-05-20,32.34174,31.474186,31.061092083333353,0.5
2026-05-21,32.701847,32.3,32.341738750000026,0.5
2026-05-22,31.380953,31.76415,32.70184750000002,0.5
2026-05-23,30.025194,30.184479,31.380950833333348,0.5
2026-05-24,29.868862,29.23814,30.025192916666693,0.5
2026-05-25,30.416744,30.0105,29.868861666666692,0.5
2026-05-26,30.18302,30.65169,30.41674416666669,0.5
2026-05-27,30.400173,30.484879,30.183019166666686,0.5
2026-05-28,30.430696,30.352518,30.400171250000025,0.5
2026-05-29,28.377493,30.578327,30.430695833333345,0.5
2026-05-30,28.847902,28.264004,28.37749125000002,0.5
2026-05-31,29.707571,29.182095,28.84790041666669,0.5
2026-06-01,30.16995,29.542702,29.70757083333336,0.5
2026-06-02,29.087698,29.388737,30.169949583333352,0.5
2026-06-03,30.21286,29.244236,29.087697916666695,0.5
2026-06-04,30.879368,30.857687,30.212859166666693,0.5
2026-06-05,30.845623,31.097462,30.87936750000002,0.5
2026-06-06,30.268723,30.135853,30.845621666666688,0.5
2026-06-07,29.109129,29.609846,30.268722916666686,0.5
2026-06-08,28.948772,29.014935,29.109129583333353,0.5
2026-06-09,28.373997,28.944096,28.94877125000002,0.5
2026-06-10,29.54963,28.967688,28.373995000000026,0.5
2026-06-11,28.552975,29.977774,29.54962958333336,0.5
2026-06-12,28.8003,27.996405,28.552974583333352,0.5
2026-06-13,29.065388,29.212486,28.800299583333356,0.5
2026-06-14,28.432842,29.32804,29.06538708333336,0.5
2026-06-15,28.535955,28.778395,28.43284083333336,0.5
2026-06-16,28.716976,28.730555,28.535953333333357,0.5
2026-06-17,29.498215,29.150927,28.716975416666696,0.5
2026-06-18,28.923729,29.52223,29.49821458333336,0.5
2026-06-19,29.04312,29.048685,28.923729166666686,0.5
2026-06-20,28.877682,29.347816,29.043118333333364,0.5
2026-06-21,29.200876,28.656792,28.877682083333355,0.5
2026-06-22,28.996325,29.193583,29.20087458333336,0.5
2026-06-23,28.769657,29.362131,28.99632250000003,0.5
2026-06-24,28.918598,29.1382,28.76965666666669,0.5
2026-06-25,29.748995,29.531448,28.918595833333356,0.5
2026-06-26,30.063625,30.0533,29.74899500000002,0.5
2026-06-27,30.69024,29.927322,30.06362458333336,0.5
2026-06-28,30.695133,30.363867,30.690240416666693,0.5
2026-06-29,30.901806,30.303118,30.695132083333352,0.5
2026-06-30,30.574049,30.586414,30.901805833333356,0.5
2026-07-01,30.067951,30.291723,30.574047916666686,0.5
2026-07-02,30.865894,30.296518,30.067950000000025,0.5
2026-07-03,30.681547,30.71959,30.865894583333354,0.5
2026-07-04,29.006561,30.459805,30.681546250000025,0.5
2026-07-05,28.942688,29.1156,29.006560833333364,0.5
2026-07-06,29.381968,29.293104,28.942687500000023,0.5
2026-07-07,28.748528,29.326572,29.381968750000024,0.5
2026-07-08,28.084696,28.65857,28.748525416666695,0.5
2026-07-09,28.092009,28.452389,28.084696250000025,0.5
2026-07-10,28.382824,28.668167,28.092007916666688,0.5
2026-07-11,29.479364,28.955633,28.38282333333336,0.5
2026-07-12,28.950773,29.566465,29.479363750000022,0.5
2026-07-13,30.066471,29.191132,28.95077291666669,0.5
2026-07-14,30.389057,30.15766,30.06647083333336,0.5
2026-07-15,29.604246,30.213482,30.38905583333336,0.5
2026-07-16,29.559546,29.512333,29.604243750000023,0.5
2026-07-17,29.05135,29.509237,29.559543750000028,0.5
2026-07-18,29.248817,29.316603,29.051349166666686,0.5
2026-07-19,26.29998,29.404093,29.248816250000022,0.5
2026-07-20,28.16945,27.735764,26.299980416666696,0.5
2026-07-21,29.172039,29.32352,28.16945125000002,0.5
2026-07-22,29.044361,29.27146,29.172038750000016,0.5
2026-07-23,28.832115,29.305847,29.044360833333357,0.5
2026-07-24,29.290989,29.347794,28.832113333333353,0.5
2026-07-25,29.7005,29.510983,29.290987083333352,0.5
2026-07-26,29.533278,29.845951,29.700499583333357,0.5
2026-07-27,28.948858,29.88965,29.53327708333336,0.5
2026-07-28,29.71327,28.653767,28.94885666666669,0.5
2026-07-29,29.150517,29.424381,29.713270833333354,0.5
2026-07-30,29.678461,29.284086,29.15051625000002,0.5
2026-07-31,28.78226,29.524237,29.678461250000026,0.5
2026-08-01,29.966764,28.728916,28.782261250000023,0.5
2026-08-02,29.849047,29.78701,29.966765416666686,0.5
2026-08-03,29.903265,29.49501,29.849047500000015,0.5
2026-08-04,28.835405,29.322859,29.903264583333357,0.5
2026-08-05,26.881186,28.550554,28.83540541666669,0.5
2026-08-06,26.792376,28.006973,26.881184583333354,0.5
2026-08-07,27.943794,27.933197,26.792374166666686,0.5
2026-08-08,28.465193,28.402132,27.943794583333357,0.5
2026-08-09,28.002594,28.404634,28.46519250000002,0.5
2026-08-10,27.782553,28.315125,28.00259250000002,0.5
2026-08-11,28.80292,28.30697,27.782551250000022,0.5
2026-08-12,28.51884,28.892632,28.80292083333335,0.5
2026-08-13,28.145973,28.769987,28.51884083333336,0.5
2026-08-14,29.501461,28.786278,28.145971666666686,0.5
2026-08-15,29.794353,29.61266,29.501460833333358,0.5
2026-08-16,28.956123,29.489836,29.794354166666693,0.5
2026-08-17,28.760813,28.758398,28.956122083333366,0.5
2026-08-18,29.672081,28.741615,28.76081291666669,0.5
2026-08-19,30.126253,29.73587,29.672081250000023,0.5
2026-08-20,29.687078,29.666754,30.12625250000002,0.5
2026-08-21,29.978514,29.677208,29.68707833333335,0.5
